text,label,predicted_label,predicted_probability,prob_negative,prob_neutral,prob_positive
android marshmallow <number> . <number> . <number> won't let me log on the by existing account just keeps saying setting up bbm please fix,negative,negative,0.7307255864143372,0.7307256,0.24878147,0.020492885
map animation stopped working,negative,negative,0.7090973258018494,0.7090973,0.24045715,0.050445497
"good, but slow workflow.",positive,neutral,0.6808740496635437,0.018003803,0.68087405,0.3011222
nice app to use with friends,neutral,positive,0.8798065781593323,0.01117777,0.1090157,0.8798066
"i love this app, but i wish they had more outfit selections for maternity. other than that it's pretty awesome.",positive,positive,0.9061803817749023,0.014467649,0.079351924,0.9061804
radar in motion won't work.,negative,negative,0.966108500957489,0.9661085,0.026787944,0.0071034576
only opened <number> st <number> th pages of <url>,negative,negative,0.6727504134178162,0.6727504,0.27356985,0.053679682
when i was being rained on it said no rain in your <url> it is still a good weather app.,neutral,positive,0.499584436416626,0.037785202,0.46263042,0.49958444
everthing is tought before its use,neutral,negative,0.5512638092041016,0.5512638,0.38869303,0.060043205
good content. worth downloading,neutral,positive,0.7403223514556885,0.0084534325,0.25122425,0.74032235
"it's a great and fun app for emoji use, i like the customization. but there needs to be more clothing and style options. i feel like there needs to be styles with clothing and hair, such as punk, goth, rocker, traditional, futuristic, fairy, and many more. other than wanting more styles to choose from this app is great",positive,positive,0.9081456065177917,0.014587268,0.07726709,0.9081456
"wow, this is a terrible app. no open dialog or page goto. i had expected better from an actual adobe app.",negative,negative,0.9657931327819824,0.96579313,0.027640514,0.006566252
i m fed of this <url> has posted it add every where,negative,neutral,0.4584132730960846,0.38147497,0.45841327,0.16011177
it is very usefull browser,positive,positive,0.7912675142288208,0.014938998,0.19379354,0.7912675
its a bit slow vs thinking office and also text anti aliasing is bad,neutral,neutral,0.779362678527832,0.041659683,0.7793627,0.1789776
"it was great for me and the owner was very nice to us.,but the price change when i pay from <number> to <number>",neutral,positive,0.665849506855011,0.02587144,0.30827904,0.6658495
provide some good <url> the only bad thing about this app is lack of good <url> hope you make it <url>,neutral,positive,0.6012207865715027,0.0112537,0.38752553,0.6012208
problem with saving large photos plz fix ir,neutral,neutral,0.6867905855178833,0.24543545,0.6867906,0.06777399
its a good app but we dont have a night mode option for reading in which the background becomes black and text becomes white in color.,positive,neutral,0.7511782646179199,0.018704081,0.75117826,0.23011774
i hate the new version of bbm,negative,negative,0.9563469886779785,0.956347,0.03654363,0.0071094143
is an interesting app to use.,positive,positive,0.8874107599258423,0.014259642,0.098329596,0.88741076
"used to be great. now lots of issues with network. i keep getting no network errors, as failed to update errors even when signal is great, or i'm connected to my wi-fi at home.",neutral,negative,0.5676306486129761,0.56763065,0.39663428,0.035735045
it always has me in virginia and i live in florida,neutral,positive,0.4523872137069702,0.17129499,0.37631783,0.4523872
it is the very good ape to any one download,positive,positive,0.8498694896697998,0.012284413,0.13784604,0.8498695
not up to the mark,neutral,neutral,0.4754948616027832,0.46356535,0.47549486,0.06093974
useless boring it's of no use now days just like mxit,negative,negative,0.9327259659767151,0.93272597,0.059020445,0.00825362
very easy to use,positive,positive,0.892767608165741,0.015240569,0.09199184,0.8927676
worst upadate this update dont respond whenever i access my download section so hated it.,negative,negative,0.9702520370483398,0.97025204,0.02376144,0.005986457
i have lots of state that i watch. my home town will not show what it feels like. all the others do. i have tried a few different things and it won't work. don't understand but it is important to me to know how cold it feels out. i can go to hourly and it tells me but should not have to! i'm uninstalling!,neutral,negative,0.5451339483261108,0.54513395,0.39937958,0.05548651
better and more accurate then most other weather apps.,positive,positive,0.9099619388580322,0.010532233,0.0795058,0.90996194
fun!!! just wish i could make one of my bf.,neutral,positive,0.8843205571174622,0.016593296,0.09908613,0.88432056
worthless does not open password protected pdf as stated,negative,negative,0.9602339863777161,0.960234,0.033927113,0.0058389506
shoddy ui and keeps logging me out,negative,negative,0.8111829161643982,0.8111829,0.17028826,0.018528767
"very accurate, which is important! how about a <number> x <number> widget?",positive,positive,0.7853623628616333,0.013559029,0.20107862,0.78536236
i like the set up.,positive,positive,0.8116048574447632,0.011991252,0.17640388,0.81160486
"looks interesting at initial install, however the advertisement photos and the camera lay out are different to my install on a samsung galaxy note <number> . missing too many features compared to the full pc. version, particularly tagging and indexing. camera is not as good as the original camera being on the dark side. a nice app. however adds not enough to warrant keeping. perhaps in the future updates. most notably is missing the side by side photo comparison which was the main reason for installation.",neutral,neutral,0.7657973170280457,0.026718462,0.7657973,0.20748428
nexus <number> and samsung s <number>,positive,neutral,0.5082764029502869,0.33279878,0.5082764,0.1589248
"crashing. app crashes and freezes constantly. on htc one m <number> , and the app is completely broken.",negative,negative,0.952468991279602,0.952469,0.03977731,0.007753578
plz provide watermarking <url>,positive,positive,0.5708190202713013,0.04357586,0.38560507,0.570819
u can download all movies in any language at movie <url> it okkk,neutral,neutral,0.6964049339294434,0.2165698,0.69640493,0.087025255
pls add more features for android like iphone features,neutral,positive,0.579975962638855,0.03134114,0.3886829,0.57997596
nice app but when i taking picture with this app i have little problem here the range have limited only <number> - <number> meter even i set focus to infinity still can't get to it. i shoot with pro mode <url> you can fix that it will be <url>,neutral,positive,0.6081429123878479,0.022687666,0.36916935,0.6081429
it's not a web browser. it's an ad browser,negative,negative,0.709255039691925,0.70925504,0.26054206,0.030202959
a lot of a bug here,negative,neutral,0.5809108018875122,0.31536373,0.5809108,0.10372548
shame forest starts again every day would be nice to build a huge forest like monthly or so,positive,neutral,0.5745028257369995,0.1368541,0.5745028,0.2886431
"this app is so fun! my friends and family love exchanging silly bitmojis in our texts. the only reason why i gave it <number> stars is because i wish there was a way for your to organize the bitmojis, so you can quickly access certain ones instead of having to scroll through them or search. also, the outfits are pretty awful. they need a little more fashion. lol however, the art and creativity in the bitmojis are terrific!",positive,positive,0.8002183437347412,0.026005387,0.1737763,0.80021834
i love it but we need video support!,neutral,positive,0.8263004422187805,0.023978619,0.14972089,0.82630044
the app is is good but,neutral,neutral,0.7763479948043823,0.019429766,0.776348,0.20422217
it is taking forever to load. never had this issue before. just started a few weeks ago,neutral,neutral,0.5421793460845947,0.4019335,0.54217935,0.055887178
map stopped animating over a week ago on my samsung galaxy s <number> . please fix. used to be the <signature>,negative,negative,0.49986669421195984,0.4998667,0.42882562,0.07130776
"it definitely helps me stay focused and off my phone. the one complaint i have is that when i have my phone on silent/vibrate, when i plant a tree my phone goes into standard/sounds on mode. i don't like that at all, i have it on silent for a reason.",positive,positive,0.8339969515800476,0.014485859,0.15151724,0.83399695
one   for doing this nasty ios port,negative,negative,0.619330644607544,0.61933064,0.26053995,0.12012937
unmounted my sd card,negative,negative,0.9570707082748413,0.9570707,0.035600994,0.0073283766
why can i not delete saved locations? and ive read thtough it many times and dont see anyway at all to delte previously saved locations!!? im going to have to uninstall the app and then reinstall it to reset this location deleting issue u have!?!???,neutral,negative,0.9012200832366943,0.9012201,0.088093184,0.010686724
"lacks capability to browse for local file. no goto page option, <number> page documents impossible to read. no 'bookmark' to save <url> apps avail",negative,negative,0.575747549533844,0.57574755,0.3976257,0.026626712
bbm is easy to use and simple way for chating to my friends and <url> !,neutral,positive,0.8724699020385742,0.012494313,0.11503581,0.8724699
make it better please,positive,positive,0.49364790320396423,0.017201588,0.48915052,0.4936479
"i liked the game as well as the concept. it would be better if it gave a sort of buzzer when time was up, and if you could add some personalization.",positive,positive,0.8400413393974304,0.011252734,0.14870597,0.84004134
"useful app nice app for opening documents, no adverts,easy to use and doesn't need a lot of experience",positive,positive,0.8554673194885254,0.0077920714,0.13674062,0.8554673
easy to book and great choice and information.,positive,positive,0.9245556592941284,0.012695866,0.06274847,0.92455566
never trust earth networks again,negative,negative,0.8912544250488281,0.8912544,0.08953673,0.019208806
what happened to the elite version i paid for?,negative,negative,0.96533203125,0.96533203,0.02639575,0.008272212
lots of problems with the map,neutral,neutral,0.697790801525116,0.117332146,0.6977908,0.184877
simple and easy to use,positive,positive,0.8801997303962708,0.012147566,0.10765274,0.88019973
"enjoyed the app until the <url> then the ticker quit <url> the pop up ads in the ticker are annoying. when you get all that shut off in settings, it works great!",positive,positive,0.5780707001686096,0.035324458,0.38660482,0.5780707
radar does not work. will not stay on my home city.,negative,negative,0.9663919806480408,0.966392,0.027104178,0.0065039387
it would be nice if it was in different languages.,neutral,neutral,0.5202169418334961,0.012536798,0.52021694,0.46724623
some tools can be available and improved without having to open an account or sign in each time like with drive but in general is pretty useful and have good features also please create the bin icon instead of the <number> dots and once you choose a file you can't delete only if you go back,positive,positive,0.765920877456665,0.010450726,0.22362843,0.7659209
"i love it! however, i do a lot of work on my phone and so i would like an option to run the app while using my phone, without it killing a tree!",positive,positive,0.8980822563171387,0.01765627,0.08426154,0.89808226
good app easy to use. the lens correction function doesn't seem to work though. but maybe i am unaware of how it's supposed to work.,positive,positive,0.614047646522522,0.010749013,0.3752033,0.61404765
there should be feature by which we can see who saw my message in a group and who doesn't. like we have in what's app,positive,neutral,0.6113962531089783,0.018739115,0.61139625,0.36986464
"can we get this to, somehow, plant an actual tree? say, for a certain amount of trees grown succesfully a tree gets planted at some forest in need.",negative,neutral,0.6251107454299927,0.101855054,0.62511075,0.2730342
contains alot of ads,positive,neutral,0.6124382019042969,0.25709468,0.6124382,0.13046712
can't search area,negative,negative,0.8843458890914917,0.8843459,0.10613972,0.009514312
good app for team communications,positive,positive,0.8647147417068481,0.008388851,0.12689647,0.86471474
stopped showing up in my status bar,neutral,negative,0.6243479251861572,0.6243479,0.3070601,0.068591945
use it for studying,positive,positive,0.8964843153953552,0.018712986,0.0848027,0.8964843
too much ads i dont want uc news stop showing me ads to download uc news,negative,negative,0.912405252456665,0.91240525,0.07862273,0.008972062
installed this app on my zt <number> tablet but wont work annoying!,negative,negative,0.889926552772522,0.88992655,0.10056098,0.009512418
the tree does not die no matter which app i <url> i have tried every setting possible but it doesnot <url>,negative,negative,0.6562634110450745,0.6562634,0.2989823,0.04475428
i love  this app,positive,positive,0.4544210433959961,0.24486917,0.3007098,0.45442104
need to have female and males,neutral,neutral,0.6284261345863342,0.26544672,0.62842613,0.10612711
add tick tick clock sound in it,positive,positive,0.6757541298866272,0.019312615,0.30493322,0.67575413
the radar won't work with samsung galaxy s <number> . so lame,negative,negative,0.9579680562019348,0.95796806,0.035984054,0.006047996
great app. and loads pdf docs faster than many other apps,positive,positive,0.9027941823005676,0.024850065,0.07235582,0.9027942
"fun app! wish i could draw some added details, but fun anyway.",positive,positive,0.7648223042488098,0.010682764,0.22449489,0.7648223
pretty cool app to have.,positive,positive,0.8108497262001038,0.012564334,0.17658591,0.8108497
"clumsy auto-import, but great overall",positive,neutral,0.5355896353721619,0.02135972,0.53558964,0.4430507
useless without raw support,negative,negative,0.9598274827003479,0.9598275,0.03241873,0.007753821
tried to use it for my team at work but they just wanted to use the whatsapp groups they currently do which is basically the same thing.,neutral,negative,0.5908598303794861,0.59085983,0.34354797,0.0655922
i think this a smart browser but opera mini fast then uc but good effort by devolpers,positive,positive,0.5521115064620972,0.01849856,0.42938986,0.5521115
i am facing problem while using it needed to work on user interface its getting slow and hangs sometimes,neutral,negative,0.48061928153038025,0.48061928,0.4774126,0.04196801
"it's an ok app, compared to whatsapp and line messenger",neutral,neutral,0.6363093256950378,0.013343162,0.6363093,0.35034758
"won't open any .pdf files on my tmo vibrant (bionix <number> . <number> ), useless.",negative,negative,0.9713758826255798,0.9713759,0.022505427,0.006118765
can you fix the quality of display picture,positive,neutral,0.6525342464447021,0.043927964,0.65253425,0.30353785
can't move app to sd card,neutral,neutral,0.7461280226707458,0.18783489,0.746128,0.06603708
good app but more facilities we exprcted,neutral,neutral,0.5602219104766846,0.018354801,0.5602219,0.4214233
app works great. consider changing the red triangular notification to a solid red color in the notification bar in android. on my note <number> it appears as transparent in the notification bar at the top.,positive,positive,0.8317853808403015,0.018937277,0.14927736,0.8317854
plz update it it stick in the loading screen forever,negative,neutral,0.6885428428649902,0.18646929,0.68854284,0.12498789
i like it but i wish there were more things and i wish we could customize shirts and stuff,positive,positive,0.8600376844406128,0.012412861,0.12754942,0.8600377
my messages aren't going through to anyone. please fix immediately.,neutral,negative,0.5664075016975403,0.5664075,0.39133042,0.04226205
"i love it, but i'll select one to use and then it will show the new one sent, but a short time later, it will show that i resent an old one, not the one i just selected.",neutral,positive,0.6629664897918701,0.028016606,0.30901688,0.6629665
my radar has stopped working! i've never had a problem with it until today please fix!,negative,negative,0.7728608846664429,0.7728609,0.19719319,0.029945878
working properly for awhile and crashes later on,neutral,negative,0.6614711284637451,0.6614711,0.29890522,0.039623633
"a well-crafted, simple app",positive,positive,0.9088967442512512,0.014522028,0.076581225,0.90889674
it was okay at the start and got me focussed but my phone's screen timed out and locked and then my tree withered. please fix this,negative,neutral,0.7948529720306396,0.0833414,0.794853,0.12180563
it's pretty useful!,positive,positive,0.7575058341026306,0.009356446,0.23313776,0.75750583
why can my friends get the bitmojis with two people but i can't? frustrated.,neutral,neutral,0.7272735834121704,0.16456114,0.7272736,0.108165264
remove obscene quotes and gestures,negative,negative,0.7570926547050476,0.75709265,0.2041264,0.03878099
pretty good. app wish it let you face scan yourself.,positive,positive,0.8358487486839294,0.009541195,0.15461005,0.83584875
very good but crashes often,neutral,positive,0.5006654262542725,0.024964418,0.47437015,0.5006654
"lacking lens correction and blur features, otherwise i'd love it. please consider adding these, otherwise i'll have to use photo mate r <number> , cause while it doesn't have blur feature's it has great lens correction features so i can get my chromatic aberration effect : <number>",positive,neutral,0.504131555557251,0.021503808,0.50413156,0.47436464
the animation stopped working please fix!,negative,negative,0.7722349166870117,0.7722349,0.18930419,0.038460955
goood one no one can see images unless u do hd,positive,negative,0.5905584096908569,0.5905584,0.36441398,0.04502761
the app lags and consume lots of space.,negative,neutral,0.5469989776611328,0.40511608,0.546999,0.0478849
"great app, using for an <url> but, could it be upgraded with the feature 'desktop mode' ?",positive,positive,0.744568407535553,0.024394512,0.23103705,0.7445684
it was good before,neutral,neutral,0.581284761428833,0.29503882,0.58128476,0.12367634
i like the old spark better it was more accurate cuz it told you exactly how many miles away the lightning was now you gotta zoom in on the map just to see in a round about ways of where the lightning <url>,neutral,positive,0.7149404883384705,0.016677035,0.2683825,0.7149405
"i really like it, but for a while now it hasn't been making my tree die when i touch my phone. also, after completing a set amount of time there's another number underneath my tree. i can't figure out what this means.",positive,neutral,0.7076544761657715,0.105149046,0.7076545,0.18719642
annoying buttons below the chat text box.,neutral,neutral,0.727240264415741,0.1895798,0.72724026,0.08317991
i like this app for esuy to watch movie,positive,positive,0.8648444414138794,0.014879974,0.120275624,0.86484444
"aaa please tell me why it doesnt show my cherry blossom <url> i just unlocked it with <number> coins, and i cant find it to grow it. arghh its frustrating.",neutral,negative,0.5879708528518677,0.58797085,0.37888274,0.03314636
needs to save where you last left off thats all it needs <number> stars when it updates,neutral,negative,0.6282386779785156,0.6282387,0.343882,0.027879339
the app draws the mobile addict in you and plays with his/her psyche.,positive,positive,0.6764667630195618,0.07715383,0.24637939,0.67646676
it is helpful for fast downloading,positive,positive,0.8576696515083313,0.0076953075,0.13463503,0.85766965
hard to access emojis/sticker,positive,negative,0.7581487894058228,0.7581488,0.22142494,0.020426204
why this app has become so big? earlier it used to be only <number> mbs now its <number> . please reduce the size. <signature>,neutral,neutral,0.6328287124633789,0.26530606,0.6328287,0.101865195
directions make no sense,negative,negative,0.6855320334434509,0.68553203,0.2665092,0.047958743
great app for photography but,neutral,positive,0.8100914359092712,0.018457238,0.1714513,0.81009144
why can't they fix these issues,neutral,neutral,0.5476700663566589,0.35135934,0.54767007,0.10097062
not working with whats app,negative,negative,0.8964414596557617,0.89644146,0.09261237,0.010946198
you have to put the search option in the app,positive,neutral,0.6614887714385986,0.21776107,0.6614888,0.1207502
"its very usefull, also good <url> !!!",positive,positive,0.869386613368988,0.009689637,0.12092379,0.8693866
"its good. but the problem is whenever i charge my phone, and the forest app has been running, the moment the charging the moment the tree died. and i do not get a single coin. lol is not my fault that the tree died, but what i got-o coins and a dead tree.",neutral,neutral,0.7900537848472595,0.020495914,0.7900538,0.18945031
tel me what to do,positive,neutral,0.5694491863250732,0.2861083,0.5694492,0.14444248
some websites say i don't have adobe even though i have this loaded.,neutral,neutral,0.4786330461502075,0.4416952,0.47863305,0.079671696
it is easy to find your distination but there is always a less price,neutral,neutral,0.520331859588623,0.034043074,0.52033186,0.44562507
i havent many friends here,positive,negative,0.7640516757965088,0.7640517,0.21342891,0.022519365
"would like updates on the sun over a <number> hour loop, as well as wind maps, water temps. but one of the <signature>",positive,positive,0.7960087656974792,0.009257078,0.19473414,0.79600877
where are the local adjustments?,positive,neutral,0.5828889608383179,0.16449642,0.58288896,0.2526146
very easy to <url>,neutral,positive,0.8894588947296143,0.01559526,0.0949458,0.8894589
easy to use very good deal.,positive,positive,0.9136505126953125,0.011394,0.074955516,0.9136505
this app doesnt want to sign me up,neutral,negative,0.9647585153579712,0.9647585,0.029528301,0.005713187
always showing install even it has already installed,positive,neutral,0.5518798232078552,0.20653968,0.5518798,0.24158053
the zooming feature is slow and consequently difficult to use.,neutral,neutral,0.7608198523521423,0.18040818,0.76081985,0.058771983
great tool for on the go!,positive,positive,0.9223559498786926,0.018486876,0.059157196,0.92235595
raw format not supported,neutral,neutral,0.6010901927947998,0.30570266,0.6010902,0.09320718
"it's a cool thing to have, but it won't sync up with the mozilla addon",positive,neutral,0.7055878639221191,0.017299842,0.70558786,0.27711225
great app but keeps crashing,neutral,neutral,0.5062262415885925,0.11633776,0.50622624,0.377436
"bbm is good ,hate the adverts",positive,neutral,0.494352787733078,0.4461167,0.4943528,0.059530538
how about a tablet ui?,neutral,neutral,0.5913622975349426,0.14120515,0.5913623,0.2674325
prefer the website more,neutral,neutral,0.6477134227752686,0.13417067,0.6477134,0.21811587
"good design. hope the plant real trees is a true story! also, why the highest ranking people are mostly asian? should expand your customers",positive,positive,0.8014323115348816,0.009671115,0.18889658,0.8014323
"i am not disappointed, but pixlr is still a way better software.",neutral,neutral,0.6697299480438232,0.07596941,0.66972995,0.25430065
"i love playing with bitmojis. the clothes in the personalization could use some updating, though. very little are things i'd ever actually wear. it would also be nice to add friends directly on the app to interact with their own bitmojis outside of snapchat.",positive,positive,0.8878427147865295,0.010826979,0.10133032,0.8878427
i love it. i just wish i could delete images that i find offensive and would never use.,positive,positive,0.7632913589477539,0.061063774,0.17564486,0.76329136
i think in the new update they let you color customize any hair style and let you put cuts in your eyebrows.,positive,positive,0.8386641144752502,0.022014415,0.13932145,0.8386641
automatically resizes with no way to change!!,negative,negative,0.9623249769210815,0.962325,0.031056242,0.006618758
don't like the new update,positive,neutral,0.6548145413398743,0.27070397,0.65481454,0.07448149
i like my bbm now . <signature>,positive,positive,0.8911287188529968,0.015451889,0.093419455,0.8911287
no more trees since update. just shrubs :'(,positive,neutral,0.6455632448196411,0.21109179,0.64556324,0.14334497
would not updated on my phone and i tried like <number> times,negative,negative,0.6817532777786255,0.6817533,0.29071543,0.027531274
"needs more body shapes and sizes, as well as face lines around nose/cheeks",positive,neutral,0.6281959414482117,0.023402827,0.62819594,0.34840125
took away floating head in txt,negative,negative,0.8462226986885071,0.8462227,0.13155642,0.022220958
stopped working on my phone since the last update. will bring rating up when the problem is fixed.,negative,negative,0.7263596653938293,0.72635967,0.2516782,0.021962147
works well. most of my pdf files require me to enter a username and password. this app will not allow me to. any chance of adding that?,neutral,neutral,0.7130298614501953,0.023568435,0.71302986,0.26340178
"it's <url> ,add select area <url> mean make selection by <url>",neutral,positive,0.5490685105323792,0.022717858,0.42821366,0.5490685
app doesn't always work. temp won't show in n status bar. doesn't keep track of moving locations,neutral,negative,0.814027726650238,0.8140277,0.17396261,0.01200964
i hate this update,negative,negative,0.9572266340255737,0.95722663,0.035719592,0.0070537254
new updates are beyond worse,negative,neutral,0.5178655982017517,0.2948135,0.5178656,0.1873209
where is wbug elite i paid for???,negative,negative,0.9503384232521057,0.9503384,0.039646994,0.010014512
make the time lapse between editing each feature shorter,positive,neutral,0.76787269115448,0.07478744,0.7678727,0.15733989
add one more feature,positive,positive,0.6050046682357788,0.027500117,0.36749524,0.60500467
the app was useful but avg virus scanner said it contains malware so i'm uninstalling to be safe,negative,neutral,0.7261248230934143,0.16048859,0.7261248,0.113386534
i couldn't open it.,negative,negative,0.9526471495628357,0.95264715,0.03863946,0.0087133655
i think that uc is very nice,neutral,positive,0.7383574843406677,0.020567644,0.24107482,0.7383575
mis the original bbm,negative,negative,0.5884478092193604,0.5884478,0.33933643,0.0722158
new ui tanks usability,negative,positive,0.5112809538841248,0.05552129,0.4331978,0.51128095
this app is so good,positive,positive,0.5955153703689575,0.01723294,0.3872517,0.5955154
doesn't work on my htc droid eris!! can't open pdf attached emails. uninstalling!!,negative,negative,0.9705313444137573,0.97053134,0.023796426,0.0056722015
it's very good app for android mobile s,positive,positive,0.8321917653083801,0.010833216,0.15697505,0.83219177
temp is all wrong,neutral,negative,0.870086669921875,0.87008667,0.11117129,0.018742042
id's easy to use and very helpful,positive,positive,0.8963437080383301,0.009714235,0.09394212,0.8963437
"it seems everytime we're about to get severe weather, the app stops working. radar doesn't work, storm tracking doesn't <url> most critical time for something to work is during or before a storm, such as we're supposed to get today. this app works great on bright, sunny <url> 't depend on it if a storm is brewing though. it will quit working on you.",neutral,negative,0.6948795318603516,0.69487953,0.27663678,0.028483685
i guess its just the world i live in???,negative,neutral,0.5547599792480469,0.16924457,0.55476,0.2759955
just an idea. when editing/creating my bitmoji i think it'd be neat to have the option to mix and match parts of different outfits together or even change colours of parts.,positive,positive,0.7104275822639465,0.016466873,0.2731055,0.7104276
app is good. no weather forecast is <url> very vague predictions.,positive,neutral,0.8176669478416443,0.034871604,0.81766695,0.14746138
cannot attach pictures to reviews,neutral,neutral,0.6530616283416748,0.28892785,0.6530616,0.058010537
great weather app! easy to use and quick to load. only wish it was easy to find a forecast video on it.,positive,positive,0.9091104865074158,0.012132858,0.07875659,0.9091105
issue on local wifi,neutral,neutral,0.6296943426132202,0.26745972,0.62969434,0.102845885
i dont like this app,negative,negative,0.7972885966300964,0.7972886,0.18152663,0.021184752
on the right track,positive,neutral,0.5855860710144043,0.07509761,0.5855861,0.33931634
best app for browsing,positive,positive,0.8706783652305603,0.009066979,0.12025469,0.87067837
needs a dark mode for the notification bar. hate the bright white glaring at me.,positive,neutral,0.7622262239456177,0.14766239,0.7622262,0.09011149
"good app, but it doesn't support gif in android",positive,neutral,0.8425812125205994,0.043508727,0.8425812,0.11391008
<salutation> i tried to sign in and i gave my email and password and from u a email also came but what next to <url> tried to click check again and continue but nothing happened,positive,negative,0.8473706841468811,0.8473707,0.13241635,0.020213004
been using for several months now as a communication tool for various members of a nonprofit organization. it's only downfall that i can see are the occasional missed update alert and that there is no notification badge on the icon.,positive,positive,0.6902996301651001,0.05545269,0.25424767,0.69029963
works for what i need,positive,positive,0.898352861404419,0.030406727,0.071240395,0.89835286
it's saying it's not up to date so i can't view my file. -htc evo,neutral,neutral,0.5242727994918823,0.42527422,0.5242728,0.05045297
when you know how to use it it's pretty fun and useful same with adobe photoshop touch i have a ton of fun with that but you just have to know how to use it or it will not be fun that's why people are reading it for star i read it <number> stars i love it but only because i know how to use it,positive,positive,0.8427973389625549,0.012103733,0.14509888,0.84279734
best app ever ( my opinion),negative,positive,0.839428186416626,0.02554522,0.13502663,0.8394282
doesn't tie your account to gmail - so every new phone (or reflash) you have to retype <url>,negative,negative,0.8194738626480103,0.81947386,0.1651967,0.015329482
great application for team collaboration,positive,positive,0.9137213230133057,0.02386058,0.062418047,0.9137213
"crash easily,make my phone <url> its a great <url> u!",positive,positive,0.5959572792053223,0.06340534,0.3406374,0.5959573
the menu bar above keyboard is annoying,positive,neutral,0.7228238582611084,0.17278053,0.72282386,0.10439554
it's an essential tool.,positive,positive,0.883293628692627,0.016098227,0.10060813,0.8832936
this bbm doesnt work properly with the samsung notebook <number> . it is always showing limited bbm access. pls fix this,neutral,negative,0.8594130873680115,0.8594131,0.12761295,0.0129739335
"unless i open the app, i get no notifications even when my name is mentioned",negative,negative,0.7952074408531189,0.79520744,0.18685654,0.017936053
it's good app but need more apps related chat process,positive,positive,0.49690505862236023,0.011219429,0.49187553,0.49690506
"doesn't open all pdfs. i do a lot of work dealing with architectural plans. this does not render all of the pdfs (some open fine, others open blank).",negative,neutral,0.6321309208869934,0.31729433,0.6321309,0.050574686
quick way to book a motel when you need too,neutral,positive,0.775007963180542,0.011668342,0.21332368,0.77500796
can get out of the app by home button and use your <url> timer runs in the <url>,neutral,neutral,0.6715684533119202,0.24601273,0.67156845,0.082418814
"honestly a joke compared to the desktop version of lightroom. i have one of the most powerful phones in existence and this app can't even scroll without lagging. i reinstalled today, <number> months later to find not only has nothing changed but my trial has expired and i now need to pay to use a laggy gimped version of software i already own.",negative,neutral,0.4853544533252716,0.36976606,0.48535445,0.14487948
better for <url> !!!! you will try <url> !!!!,neutral,neutral,0.6553868055343628,0.108565755,0.6553868,0.23604736
backup feature was awesome,positive,neutral,0.5546711683273315,0.12129452,0.55467117,0.32403433
amazing to use this one like superb,positive,positive,0.9048658013343811,0.021632917,0.073501304,0.9048658
i can't post on any website.,neutral,negative,0.8447454571723938,0.84474546,0.14166704,0.013587427
want some other features,neutral,neutral,0.674470067024231,0.02353448,0.67447007,0.30199552
this app is not user friendly,neutral,negative,0.872803807258606,0.8728038,0.11349109,0.013705043
force closes <number> / <number> !,negative,negative,0.9090852737426758,0.9090853,0.074218266,0.016696487
what a waste of this apps effort the image meta data are always show false info when export image to gallery,negative,negative,0.9564676880836487,0.9564677,0.037424054,0.006108242
it's a nic app n helpful <url>,positive,positive,0.6339744329452515,0.011295018,0.3547305,0.63397443
how to change time ??,neutral,neutral,0.4613407254219055,0.32138646,0.46134073,0.21727282
it's ok but this new version is not so impressive,neutral,neutral,0.82195645570755,0.018112956,0.82195646,0.15993054
this is a good movie downloader,positive,positive,0.7856624722480774,0.014583394,0.19975412,0.7856625
want my old avatar can't find it,negative,negative,0.7148658037185669,0.7148658,0.25545856,0.029675568
best of pdf file app,positive,positive,0.8679542541503906,0.015206633,0.1168391,0.86795425
i would have gave <number> stars if y'all had more cute outfits for the girls to wear that is seasonal appropriate,positive,positive,0.7842535972595215,0.025042538,0.19070384,0.7842536
was ok but i can easily use other apps when i press home,negative,neutral,0.6775549054145813,0.0890402,0.6775549,0.23340495
"useless. can't log in using the app at all. deleted and reinstalled several times, still no luck.",negative,negative,0.9690894484519958,0.96908945,0.024004592,0.0069058975
"easy to use, but if i plant a tree to grow and then leave the app it doesn't die. don't know if that's a bug in the app, but knowibg it won't die once i exit the app gives me no reason to stay focused",positive,neutral,0.8023362755775452,0.08298983,0.8023363,0.1146738
cuts down on paper usage.,positive,neutral,0.5407059192657471,0.41242713,0.5407059,0.046867006
<salutation> then dropped it. and now the radar animation doesn't work.,negative,negative,0.9674495458602905,0.96744955,0.025299117,0.0072512575
"good idea, but too slow on android. much better on desktop.",negative,neutral,0.76179438829422,0.052521806,0.7617944,0.18568383
"like everything about it, except that the radar animation is a little clunky.",positive,neutral,0.5019595623016357,0.015172457,0.50195956,0.482868
it's the king when it comes on downloading from internet i really appreciate it,positive,positive,0.7094635963439941,0.05741106,0.23312537,0.7094636
"i'm using uc browser from many years and its was amazing but from the last update i got, it get <url> everytime i open new site, it shows an error everytime. please fix this.",neutral,neutral,0.6854060888290405,0.16996175,0.6854061,0.1446321
cant install this app on my s <number> . error cant install in default location,negative,negative,0.9522053003311157,0.9522053,0.0421112,0.005683508
needs to include precipitation estimates,neutral,neutral,0.784771740436554,0.045185294,0.78477174,0.170043
new version is a step back,negative,neutral,0.37583979964256287,0.25549516,0.3758398,0.36866504
great but watch little bug,neutral,positive,0.8761498332023621,0.016604424,0.10724579,0.87614983
i love this app.,positive,positive,0.5183483958244324,0.21255378,0.2690978,0.5183484
"love the idea, and as long as i didn't touch my phone notifications and such didn't ruin my progress. however if i try to exit out of the app (to use whitelisted apps like my calculator) then it 'killed' my trees.",neutral,positive,0.7784635424613953,0.029596481,0.19194,0.77846354
"my mom found this before i did! i'm <number> and even i like it. lol great for all ages. you can make it look just like you to every detail, many clothes and accessory choices, and when you want to send a text to somebody they basically have everything you might want to say to somebody in a text or to reply back to somebody in a text message. plus cute little emojis of yourself doing things.",positive,positive,0.9159793853759766,0.013687678,0.07033289,0.9159794
ads ads ads everywhere,neutral,negative,0.868334949016571,0.86833495,0.115811005,0.01585403
has gotten a bit better since last review. i really like the lightning strike display. helps me with my lightning photos,neutral,positive,0.9017402529716492,0.0120895505,0.08617017,0.90174025
i really enjoy it,positive,positive,0.7906256914138794,0.022863328,0.18651104,0.7906257
i rely on accurate radar as i work outside everyday on a golf course. the daily and the hourly forecast constantly contradict each other though now and it's hard to figure out what the actual weather will be so i can only really rely on radar.,positive,neutral,0.5244353413581848,0.07260852,0.52443534,0.40295607
"i enjoyed it, but the app deleted all of my purchases, such as trees and sounds",neutral,neutral,0.5527050495147705,0.046460424,0.55270505,0.40083456
so far it's good,positive,neutral,0.536816418170929,0.011320508,0.5368164,0.45186302
would like some custom messages when trees are planted,positive,positive,0.7194387316703796,0.0108014075,0.26975983,0.71943873
used to be good,negative,negative,0.7767014503479004,0.77670145,0.19888557,0.024412932
make category select bradcast message!,neutral,neutral,0.521345853805542,0.10263556,0.52134585,0.3760186
causes allot of problems will change dates etc when making a booking. prob better off staying with web page.,negative,neutral,0.6343985199928284,0.2943593,0.6343985,0.07124222
reflow feature quirky. can't somehow help feeling suspicious it is bugridden inside.,negative,neutral,0.8073128461837769,0.119232565,0.80731285,0.073454544
i don't <url> i can't understand this appp,neutral,negative,0.9031376242637634,0.9031376,0.08358822,0.013274168
crashes on galaxy s,negative,negative,0.8299388885498047,0.8299389,0.14198731,0.028073767
force closes all the time. from a company with a good to great rep. i had expected better,negative,neutral,0.5113546252250671,0.28132406,0.5113546,0.20732133
great <url> ruined with ads,neutral,negative,0.9431264400482178,0.94312644,0.044661812,0.012211756
worst experience at hotel,negative,negative,0.9685288071632385,0.9685288,0.025127605,0.0063436306
heating and battery problem,neutral,neutral,0.5142688751220703,0.43487883,0.5142689,0.050852314
fed up with advertisements. oh my gosh. cannot tolerate this application anymore,negative,negative,0.9516898393630981,0.95168984,0.042032737,0.006277391
this is the fastest app searching mode,positive,positive,0.7148550748825073,0.039857786,0.24528712,0.7148551
"nice app for managing ongoing projects, teams, groups.",positive,positive,0.9268758296966553,0.009981331,0.063142866,0.9268758
is not allways up to date with current weather.,positive,neutral,0.7363405227661133,0.15647967,0.7363405,0.10717982
realy superrrr <url> saver app,positive,neutral,0.559711754322052,0.11790733,0.55971175,0.3223809
<number> day trial? and then creative cloud?,negative,negative,0.9168516993522644,0.9168517,0.06490799,0.01824026
the print button keeps shutting itself down,positive,negative,0.5399770140647888,0.539977,0.41022086,0.049802158
average performance in download,neutral,neutral,0.7411726117134094,0.068756044,0.7411726,0.19007142
animation on radar stopped,negative,negative,0.906439483165741,0.9064395,0.07585561,0.017704876
"so far so good. surfing is made enjoyably interesting, thumb ups.",positive,positive,0.8510609269142151,0.009770329,0.13916877,0.8510609
bbm sucks on my galaxy s <number> mini .,negative,negative,0.9577021598815918,0.95770216,0.036079295,0.006218528
what did i download?,negative,negative,0.9196525812149048,0.9196526,0.06802546,0.0123220235
my favourite editing apl,positive,positive,0.8591930866241455,0.037222493,0.103584446,0.8591931
so easy to use and appropriate advice,positive,positive,0.9030019044876099,0.008496049,0.08850204,0.9030019
doesn't work properly.,negative,negative,0.9425542950630188,0.9425543,0.048525073,0.008920615
"generally good, sometimes price filter doesn't work well.",positive,positive,0.7062058448791504,0.010791864,0.28300235,0.70620584
love this app pretty accurate,positive,positive,0.8757830262184143,0.032635327,0.091581635,0.875783
as much as <number> degrees off!,negative,neutral,0.5819027423858643,0.1898976,0.58190274,0.2281997
used to be good,negative,negative,0.7767013907432556,0.7767014,0.19888568,0.024412947
"this app helps me be productive, but since the update, i can't plant the trees i had previously bought.",positive,positive,0.554560124874115,0.01811318,0.4273267,0.5545601
dell streak:force close sometimes. blank pages sometimes. need bookmark feature and ability to continue from last read page.,neutral,neutral,0.8127783536911011,0.10810853,0.81277835,0.07911311
"if your in a hurry, i'd recomed calling, it takes a wile to fill out the information.",neutral,neutral,0.755623996257782,0.07857377,0.755624,0.16580223
good but not good as web version,positive,neutral,0.8254185318946838,0.04722401,0.82541853,0.12735745
problems working over wi-fi,negative,neutral,0.4916975498199463,0.46358842,0.49169755,0.044714045
it's ads all the way,negative,negative,0.6188029646873474,0.61880296,0.3427962,0.03840088
no password support <url>,negative,negative,0.7950659394264221,0.79506594,0.18120758,0.023726478
"good, but not perfect",neutral,neutral,0.8087921142578125,0.041872934,0.8087921,0.14933492
i wish it would work offline,positive,neutral,0.6261444091796875,0.027969519,0.6261444,0.3458861
cloud based apps do not work for me. with pathetic network services in our region it becomes frustrating to use. pity. will have to uninstall,negative,negative,0.9588549733161926,0.958855,0.03528213,0.0058628526
"so disappointed with this app! why would you delete an entire account without any warnings? see i'm not mad that you deleted my account because i had iran's ip address, i'm mad because you didn't even bothered to give me a chance to take back up of my files! do you understand how unprofessional this is? so disappointed!",negative,negative,0.8923943042755127,0.8923943,0.09626748,0.011338311
this app is good,positive,positive,0.7115175127983093,0.013777593,0.27470487,0.7115175
"slow, laggy performance. thinkfree office opens my pdfs and allows smooth transitions and zooming.",negative,neutral,0.7027339935302734,0.24561675,0.702734,0.051649276
since the update the radar doesn't work <url>,negative,negative,0.9570037722587585,0.9570038,0.03600325,0.00699302
"like the app, but could you please remove the external storage permission when i want to take a picture? i don't like granting apps dangerous permissions and i know you don't need it if you use the file provider api. <signature>",negative,neutral,0.6358082890510559,0.045795616,0.6358083,0.31839606
there is no print option i can find.,neutral,neutral,0.6244247555732727,0.32646257,0.62442476,0.0491127
<url> the picture size on bbm group is too small sometime not clear. also incoming bbm call is not detected or not showed in galaxy gear s <number>,positive,neutral,0.7123575210571289,0.19368166,0.7123575,0.093960896
got stuck on trying to confirm my booking and i lost the accommodation. after that force crash. uninstall. htc desire,negative,negative,0.9641081690788269,0.96410817,0.029773155,0.006118673
please fix the radar,negative,neutral,0.44724181294441223,0.39596972,0.4472418,0.15678848
"good adjustment, bad storage",neutral,neutral,0.7882471084594727,0.028465189,0.7882471,0.18328768
coming from adobe this is absolute garbage. fails to open pdf files. it was only <number> kb. garbage.,negative,negative,0.9714081883430481,0.9714082,0.022723164,0.0058687297
after i updated the new bbm version always getting <url> sometime the messages pending without ceklis my friend send in the morning but the messages coming after <number> or <number> hour <url> i saw on the messages the time when he send me a messages and this made my planning <url> should i didn't upgraded <url>,negative,neutral,0.653568685054779,0.0978654,0.6535687,0.2485659
new update ruined the app,negative,negative,0.9647621512413025,0.96476215,0.02828949,0.006948384
a widget would be nice,positive,neutral,0.6402777433395386,0.01994186,0.64027774,0.33978036
there are ads now?,neutral,negative,0.5879567861557007,0.5879568,0.34619546,0.065847754
difficult when on vacation,positive,neutral,0.7888479828834534,0.08808266,0.788848,0.12306928
notifications are bonkers. (will give <number> once fixed),negative,neutral,0.7066574096679688,0.14816457,0.7066574,0.14517802
can't add new locations,neutral,neutral,0.7733909487724304,0.10190153,0.77339095,0.12470754
nice tool for inter-team communication,positive,positive,0.9292982220649719,0.011525012,0.059176724,0.9292982
it's download video very fast and all other thing,positive,positive,0.842571496963501,0.021759348,0.13566922,0.8425715
"veru useful app only when used with its <number> rd-party integrations, yet flock is much better alternative for having more free features.",positive,neutral,0.5376622676849365,0.031843346,0.53766227,0.43049434
doesn't <url> i'll go on other apps and the tree still <url> little i inventive to actually stay off the phone,negative,negative,0.7447877526283264,0.74478775,0.23751445,0.01769776
"when ever i update app,it won't work and i lost my all data many times",negative,negative,0.9604111909866333,0.9604112,0.033774145,0.0058145705
doesn't work much! where's the <number> version???,negative,negative,0.9461491107940674,0.9461491,0.04636062,0.0074902317
nice app fast downloading,positive,positive,0.9045248627662659,0.00982095,0.08565422,0.90452486
"the app is great, it's fun and helpful, tho when you click the home button, it doesn't die. you could fix that",positive,positive,0.8578430414199829,0.0131213,0.1290356,0.85784304
"easy to use, always <url> when you book thrue them, they will charge you too much.",neutral,positive,0.8640202879905701,0.01305275,0.12292692,0.8640203
there is no jump to page option so you have to flip through every single page! its a big waste of time.,negative,negative,0.9629444479942322,0.96294445,0.03132827,0.005727245
great and easy to use,positive,positive,0.8816919922828674,0.034602232,0.08370579,0.881692
"cloud subscription, no <signature>",negative,negative,0.9103498458862305,0.91034985,0.07763056,0.012019615
great app to focus!,positive,positive,0.8738020658493042,0.037792515,0.088405415,0.87380207
pay when you arrive. err no,neutral,negative,0.7582054138183594,0.7582054,0.21613197,0.025662636
great apps for great team,positive,positive,0.9094343781471252,0.024988394,0.06557729,0.9094344
i like the appl because it connect me to a lot of people in my office,positive,positive,0.8792684674263,0.01275833,0.10797319,0.87926847
can't open my bbm after updated,negative,negative,0.9539881944656372,0.9539882,0.040130842,0.0058810255
cannot use for flash <url>,neutral,negative,0.6658783555030823,0.66587836,0.30996943,0.024152214
won't work with my text messages and have to start a new conversation to use it in messenger,neutral,negative,0.9618417024612427,0.9618417,0.032658227,0.00550003
it crashes every time,positive,negative,0.9287580847740173,0.9287581,0.05911455,0.012127379
great app for group family communication across multiple types of devices and countries,positive,positive,0.9164113998413086,0.025687767,0.0579008,0.9164114
it was great radar sucks now,negative,negative,0.9673915505409241,0.96739155,0.026056627,0.0065518245
missing a tablet version,neutral,neutral,0.6091615557670593,0.24604177,0.60916156,0.1447967
the browser is used very fast connecting browser,positive,positive,0.5968434810638428,0.05817446,0.34498206,0.5968435
i want a etc wallet that's all i want to invest <url>,negative,neutral,0.5335813760757446,0.11190955,0.5335814,0.35450906
not so much but good,positive,neutral,0.7573029398918152,0.023176959,0.75730294,0.21952015
well the app is kinda <url>,positive,neutral,0.5602693557739258,0.031383876,0.56026936,0.40834677
the program is very slow and can be unresponsive. there is no bookmake setting. pages take a very long time to load even when zooming in and out.,negative,neutral,0.6358556151390076,0.3291781,0.6358556,0.03496629
totally invasive and inappropriate for development. it kept people talking for every detail for hours. kill innovation and efficiency. cannot replace skype so another chat cheater. a waist of time in communication. one good point if you can make your competitors to use it. they will collapse.,negative,negative,0.9601070284843445,0.960107,0.03358008,0.0063129137
i love it. but i think it would be better to add angle correction as well is needed sometimes and i don't like having to use other apps to do this.,neutral,positive,0.8241813778877258,0.014587726,0.16123085,0.8241814
the emoticon not <url> :'(,neutral,neutral,0.6066179871559143,0.2386205,0.606618,0.15476148
good app. had full version but they took it away. would like it back. radar not working. layers are not working. must be a weather bug.,neutral,negative,0.6867459416389465,0.68674594,0.28264382,0.030610176
can't import my booking? what's the point of getting this app? anyone?,negative,negative,0.8258376121520996,0.8258376,0.15737098,0.016791433
"the app sometimes gets stuck on a certain temperature and you have to actually click on the app to get the correct temperature to pop up, but at least with this app i can actually get the <number> -day and hourly forecast pages to load which is something i can't get with accuweather. so i guess what i'm saying is it's probably the <signature>",positive,neutral,0.5368731021881104,0.03856969,0.5368731,0.4245572
"great, but occasionally crashes",positive,positive,0.6393715739250183,0.049149018,0.31147942,0.6393716
"crap, takes ages to loads and lags on all docs, standard pdf viewer much better",negative,negative,0.9136707782745361,0.9136708,0.07650565,0.009823556
it stops working frequently,neutral,negative,0.5508131384849548,0.55081314,0.39064977,0.058537073
like it more than most weather apps i've tried. would recommend!,positive,positive,0.8632519245147705,0.008076186,0.1286719,0.8632519
stupid trees. too much green. too cute. memory hog. deleted it.,negative,negative,0.9647635221481323,0.9647635,0.02883918,0.0063973763
plz add readout loud feature in application,positive,positive,0.49660423398017883,0.044901334,0.4584944,0.49660423
"give error, stuck onopening",negative,negative,0.9029719233512878,0.9029719,0.08625507,0.010772984
the radar map only shows past not current,neutral,negative,0.833596408367157,0.8335964,0.14404607,0.022357458
"the worst, the most bugged app that i've ever seen in my life! always crashing for no reason!",negative,negative,0.9696678519248962,0.96966785,0.023416867,0.00691525
this does not work with my phone i exited the app for ages and my tree still grew.,negative,negative,0.9647396206855774,0.9647396,0.029253196,0.006007184
the application is too slow. sometimes it just wont select the options.,neutral,neutral,0.8183891773223877,0.10964435,0.8183892,0.071966484
useless doesn't open email attachments on lg optimus,negative,negative,0.9675616025924683,0.9675616,0.027068835,0.005369475
its a very good app,positive,positive,0.800758957862854,0.010713663,0.18852738,0.80075896
good up to date service,neutral,positive,0.7086620330810547,0.009276309,0.2820617,0.70866203
luv it but u should allow us <number> make more than one character then i'll give u <number>  's,neutral,neutral,0.7393962740898132,0.029139606,0.7393963,0.23146416
"app does what it has to do, but would it be possible to implement a harder way to cancel the growth of your tree? now it takes about <number> seconds. you could make another cancel button which you have to press for <number> minute without releasing it to unlock your phone. gives you time to think if you really need to unlock it. <signature>",neutral,neutral,0.7477235198020935,0.04972502,0.7477235,0.20255147
need full raw hdr for lg v <number> !!!,neutral,neutral,0.7515904903411865,0.05558222,0.7515905,0.19282727
it wont even let me log in!!!,negative,negative,0.9679800271987915,0.96798,0.025957596,0.0060624047
wouldn't search any locations.,negative,negative,0.9455426931381226,0.9455427,0.046518516,0.007938816
new version is not intuitive.,negative,neutral,0.5347861647605896,0.34175932,0.53478616,0.12345449
image previews don't work,positive,negative,0.8611802458763123,0.86118025,0.124029435,0.014790325
"its great, just too many ads",positive,positive,0.7563083171844482,0.047033302,0.19665837,0.7563083
radar has stopped working,negative,negative,0.932322084903717,0.9323221,0.05471558,0.01296228
has been treating me well for years,positive,positive,0.7323065400123596,0.066803135,0.20089035,0.73230654
animated radar not working,negative,negative,0.9305370450019836,0.93053705,0.05831087,0.011152141
problems with internet connection s <number> edge,neutral,neutral,0.5560476183891296,0.38324276,0.5560476,0.060709637
"another login and account needed, mediocre editing",negative,negative,0.5879009962081909,0.587901,0.37739462,0.03470442
i need a tab for news language i don't want it to be default for the place i live in my native language may be different. please look into it,positive,neutral,0.7087271809577942,0.0775236,0.7087272,0.21374923
"idea is nice, <url>",neutral,neutral,0.5981997847557068,0.019891653,0.5981998,0.38190857
useless and hang in itself,negative,negative,0.9687784314155579,0.96877843,0.023162192,0.0080594495
lagging on nvidia shield tablet,neutral,neutral,0.6436975002288818,0.26786152,0.6436975,0.088441014
less taps &gt; more taps is not always true! this update clutters up the mobile app and looks horrible! bring back the drop down menu.,positive,negative,0.946418821811676,0.9464188,0.04646721,0.0071139755
great mobile app for a great platform,positive,positive,0.8859665989875793,0.03161927,0.08241413,0.8859666
easiest way to keep all my accommodation details with me when i travel.,positive,positive,0.8578254580497742,0.00921136,0.13296317,0.85782546
"there is no way to search or jump to the pages i want. so, in a <number> page document, i have to page down until i get to where i want. very poor!",neutral,negative,0.9682101011276245,0.9682101,0.025307503,0.0064824447
crashes on z <number> compact,neutral,negative,0.6359044909477234,0.6359045,0.3090582,0.05503727
"can't delete any of the pdf files! someone ,help mytouch <number> g",neutral,neutral,0.6756210923194885,0.058928803,0.6756211,0.26545012
somethings wrong with this app,positive,negative,0.5303753614425659,0.53037536,0.42885995,0.040764652
well organized app. offers better deals than the hotel itself.,positive,positive,0.9149338006973267,0.0146911135,0.0703751,0.9149338
faster than other app,positive,positive,0.5391728281974792,0.05028238,0.41054484,0.5391728
"decent, but needs ability to define custom notification sound. the built-in ones are too quiet and the 'device default' is too general.",positive,neutral,0.6923911571502686,0.024910968,0.69239116,0.28269783
"if you have difficulties staying focussed, then this is definitely the app for you. as trivial as it sounds, there's a real sense of satisfaction in seeing your forest grow the more time you log. the only thing i would say which could be added is social email support or facebook integration, which i believe is already a feature on the ios version. some of my friends are using it too, and seeing their forests grow (perhaps even on some kind of map next to mine?) would add an element of healthy competition!",positive,positive,0.5300722718238831,0.031213718,0.43871397,0.5300723
would be better with out ads,positive,neutral,0.6797997355461121,0.047553785,0.67979974,0.2726465
<number> star 'coz why we have to request hd quality picture first? oh <url> nobody need bad quality picture. washing <url> another chat app more better !!,neutral,neutral,0.6469388008117676,0.14607817,0.6469388,0.20698296
"my screen goes off, but when i unlock my phone, my tree dies. makes the app pointless as it forces me to keep the screen on which is distracting. great concept though.",neutral,neutral,0.666883647441864,0.065093815,0.66688365,0.26802257
it will be better if the apps allow users to listen music while studying or doing their things,positive,neutral,0.582962691783905,0.017714737,0.5829627,0.3993226
the app is free on android but why can't i use my new unlocked tree?!,negative,neutral,0.6455091834068298,0.19534439,0.6455092,0.15914644
"not ideal, but better than a few other ""freeware"" options there with lots of adds or crappy ui.",positive,neutral,0.8062710762023926,0.06518451,0.8062711,0.12854439
add break or pause option plz,positive,neutral,0.5436574220657349,0.02086578,0.5436574,0.4354768
good effort <url> try to send correct notification of the news or story.,positive,positive,0.7236940264701843,0.009751312,0.26655468,0.723694
doesn't work keeps saying bad internet connection but all other apps work.,negative,negative,0.6631090641021729,0.66310906,0.31401616,0.022874812
did not install this app. all i did was update my phone and it was there and i can delete it! very annoying!!!,negative,negative,0.9517157077789307,0.9517157,0.04232171,0.0059625558
last updates causing problems.,neutral,negative,0.5093502402305603,0.50935024,0.45348117,0.037168562
"stupid app many many ads ,don't download this app",negative,negative,0.9695711135864258,0.9695711,0.02470756,0.005721288
too much buz for nothing so special.,negative,neutral,0.5597468614578247,0.28889254,0.55974686,0.15136068
simple but effective app to end smartphone addiction,positive,positive,0.8273114562034607,0.010704755,0.1619838,0.82731146
technology at its <signature>,positive,positive,0.8266456127166748,0.039404932,0.13394947,0.8266456
"editing is all about precision, of which this isn't good at. trying to crop is like throwing stones at a picture frame on a wall and hoping it sticks. when you get it you accidently press another button and all the work is <url> still needs some refining",neutral,neutral,0.780085563659668,0.05215853,0.78008556,0.16775587
used to love <url>,neutral,negative,0.800936222076416,0.8009362,0.17784753,0.021216162
bbm is really gud,positive,neutral,0.5063612461090088,0.22029889,0.50636125,0.27333993
still a good app,neutral,positive,0.5254599452018738,0.020076657,0.45446333,0.52545995
"looks nice but the live radar always zooms in to close, i like to see the entire area around my location.",positive,positive,0.7916251420974731,0.012363877,0.19601095,0.79162514
creeping permissions. no <signature>,negative,negative,0.9147151112556458,0.9147151,0.07295955,0.012325292
don't expect to be productive on the tube,negative,neutral,0.49740660190582275,0.45689073,0.4974066,0.04570271
huge apo. does not have move to sd card. standard reader v. good. uninstalling.,negative,negative,0.9471100568771362,0.94711006,0.04549693,0.0073930193
too many push and price not clear,neutral,negative,0.6438708305358887,0.64387083,0.32123742,0.034891803
great app but updated the app but the bug is still there where the animation plays without accessing the app so you have to tap screen to gain access to home screen. that bug has been there forever please fix!,neutral,neutral,0.5894753336906433,0.26148662,0.58947533,0.14903806
like it but need better notification settings,positive,positive,0.5662899613380432,0.016310351,0.41739976,0.56628996
being a motorcycling enthusiast i like to know where the rain is and what direction it's heading.,positive,positive,0.8652989864349365,0.022499753,0.11220125,0.865299
radar no longer works,negative,negative,0.9665606617927551,0.96656066,0.026230004,0.0072093145
why i cannot play my download video?,neutral,neutral,0.5819710493087769,0.3283072,0.58197105,0.08972174
as an alternative in contacting people,positive,positive,0.6782504320144653,0.01930734,0.30244228,0.67825043
crashes all the time tells you there is no memory even on sd card. won't let you use if you decline push notifications,negative,negative,0.92474764585495,0.92474765,0.067897834,0.007354472
what's the point?,negative,negative,0.9182191491127014,0.91821915,0.0692935,0.012487309
"i used to really love this browser but now it's just annoying .when i download files sometimes it tells me ""file doesn't exist"" and i have to redownload ,plus it lags .",negative,neutral,0.6476949453353882,0.30416247,0.64769495,0.048142597
its good but i think it should add like fortnite emojis or other characters,positive,neutral,0.5211668610572815,0.01164641,0.52116686,0.4671867
its good but now a days it slow,neutral,neutral,0.6954920887947083,0.017382342,0.6954921,0.2871256
"the emojis you can make out of it are great! however, it would be nice to implement the character doing different kinds of sports. also the app didn't have my face shape, hairstyle, and the mouth was too big for me. basically i had to go with what i could find that looked the most like me, and a bunch of people still thought that the bitmoji looked nothing like me. something else i'd like to add is that maybe for the female character, put some outfits that are t-shirts and moderate shorts, not just short shorts. i couldn't find my usual attire because of that. overall, my bitmoji only looks a bit like me so if you guys can change the face, costumes, and facial features to let more people have an accurate character, it'd be great. <signature>",positive,positive,0.8050519227981567,0.014699857,0.18024823,0.8050519
throw this app to garbage,negative,negative,0.9675681591033936,0.96756816,0.025748063,0.006683797
very nice and helpful <url> luving <url>,positive,positive,0.8979434967041016,0.011050402,0.09100604,0.8979435
it will be better if there will be option to archive a chat,positive,neutral,0.6630880832672119,0.01670582,0.6630881,0.32020614
requesting to build a bigger forest!,positive,negative,0.5231602787971497,0.5231603,0.3971122,0.07972752
stop the stupid ads,negative,negative,0.7813532948493958,0.7813533,0.17740847,0.04123824
spark lightening no longer working,neutral,negative,0.9088922142982483,0.9088922,0.078183144,0.012924653
"slowly slowly you are making it worst app but it's your app you can do anything after all you are communist. see i don't like your inbuilt pdf viewer,video viewer app so allow user to use apps like adobe pdf reader and mx <url> and the new problem is the facebook video is not working <url> earlier i have given <number> star rating but now you are decreasing quality <url>",negative,negative,0.8091558218002319,0.8091558,0.16556224,0.025281934
doesn't export my photos most of the time,neutral,neutral,0.54714035987854,0.41258034,0.54714036,0.040279366
still need to improve,positive,positive,0.5623966455459595,0.025012493,0.41259086,0.56239665
no philippine peso currency?,neutral,negative,0.7441919445991516,0.74419194,0.21788257,0.037925508
"i downloaded this app specifically to merge photos together on my backpacking adventures whilst eliminating the need for a laptop. sadly, it does not have the function to merge photos for panoramic or hdr.",neutral,neutral,0.5868202447891235,0.33927572,0.58682024,0.073904045
"pretty effective but i just noticed it doesn't pick up the usage of one of my most distracting apps (bacon reader for reddit). i was on it and thought oh no my tree! opened up to find it wasn't triggered. double checked my white list etc, everything was proper. if it doesn't block that it becomes pretty useless in my eyes",positive,neutral,0.5499566197395325,0.041040294,0.5499566,0.40900308
"awesome app. it would be sooo useful to have one button access to the lastest posts accross all channels and all workgroups, i find im spending much time digging around for the latest posts.",positive,positive,0.8989670872688293,0.011858695,0.08917426,0.8989671
its good and so easy to use,positive,positive,0.7734854221343994,0.009723164,0.21679144,0.7734854
this isn't as good as it's siblings,negative,neutral,0.6781206727027893,0.2413747,0.6781207,0.080504596
app is good service,neutral,positive,0.5216876864433289,0.014462117,0.46385023,0.5216877
app thinks i am a man :'),negative,neutral,0.5307857990264893,0.24557962,0.5307858,0.22363463
will not work correctly. i tryed to set the map in motion and it will not move!,negative,negative,0.9634494781494141,0.9634495,0.030676812,0.005873818
super cute but kind of difficult to use on the spot.,positive,positive,0.7922131419181824,0.013297423,0.1944894,0.79221314
"nice, but couldn't find night mode.",positive,neutral,0.6549500226974487,0.021500794,0.65495,0.3235492
"insanely unreliable - wont let me accept invites to other workspaces nor will this application even show me the invite - login inconsistency, i can auto-login with the app but when i type my password in non-app login screens it wont work. its the same password i use for other applications and i successfully login each time.",negative,negative,0.9572234153747559,0.9572234,0.036963034,0.005813543
cant search without creating an account! they need your email so the can sell it to spammers! unistall!,negative,negative,0.9697551727294922,0.9697552,0.024765624,0.0054793037
only good not <signature>,neutral,neutral,0.7291979193687439,0.026641084,0.7291979,0.24416097
it is a waste app and waste of time. it is only useful for downloading the movies,positive,negative,0.9584405422210693,0.95844054,0.035249036,0.006310433
it's fast and i can always use it to download,positive,positive,0.8583510518074036,0.013757821,0.12789112,0.85835105
have to use and see,neutral,negative,0.5563305616378784,0.55633056,0.39961725,0.04405218
good but some issues,positive,neutral,0.5402289628982544,0.012979108,0.54022896,0.44679192
plz see sex movies it's nice in this,neutral,positive,0.586042046546936,0.019539151,0.39441878,0.58604205
wont open. it always crashes and my phone reports it having multiple errors in <number> week,negative,negative,0.9596045017242432,0.9596045,0.034517463,0.0058780536
fcs on a <number> page pdf. really?! even on my stock evo that's awesome? this reminds me of flash player on my laptop- always causing problems. adobe = crap,negative,negative,0.5903006792068481,0.5903007,0.35815173,0.05154764
"the worst app ever can't download a single <url> my downloads have been ""unsuccessful""",negative,negative,0.971272885799408,0.9712729,0.021978028,0.0067490493
needs text search and in-document link support.,neutral,neutral,0.769179105758667,0.024082467,0.7691791,0.2067384
it's a great app. love it and good job,neutral,positive,0.8928593397140503,0.024025105,0.08311553,0.89285934
"sometimes wonky when on wifi, but that could be internet connection issue. also wants to have high accuracy location on which will drain your phone quickly.",neutral,neutral,0.7638471722602844,0.059101917,0.7638472,0.17705087
why am i now seeing ads? lame!,negative,negative,0.939243495464325,0.9392435,0.05182652,0.008930005
you had one job,positive,negative,0.8686822056770325,0.8686822,0.108859554,0.022458166
"it would be nice if there was an option to record voice messages.    nuisance: when i press 'backwards' in my android, i am thrown out of the app, instead of going backwards to the messages list.    nuisance: i don't see a list of last messaged people in chronological order but randomly. this drives me <url>",neutral,neutral,0.6659024953842163,0.019013323,0.6659025,0.31508413
not replacement for the desktop app,neutral,neutral,0.6533507704734802,0.16470574,0.6533508,0.18194345
great app to communicate with family and friends.,positive,positive,0.9098243713378906,0.023852097,0.066323556,0.9098244
best chat application ever,neutral,positive,0.8695405125617981,0.02525395,0.10520555,0.8695405
good app bt needs new features,neutral,neutral,0.6252399682998657,0.015289751,0.62523997,0.35947034
it requires access permission n i dont know from where to turn on so can u plz tell m!!,neutral,negative,0.9038599133491516,0.9038599,0.08752896,0.0086111585
uffff!!!! plzz don't downloaded this,negative,negative,0.934036374092102,0.9340364,0.058169816,0.007793746
good <url> lacks some essential features,positive,neutral,0.7007401585578918,0.014143782,0.70074016,0.28511608
"the app is ok but the camera should no have any sound when you take photos, that problem is quite annoying",neutral,neutral,0.8276110887527466,0.037442163,0.8276111,0.1349468
installation corrupts gmail db on n <number> android <number> . <number>,negative,negative,0.887912392616272,0.8879124,0.100713,0.011374639
i think it's a great start app!,positive,positive,0.8297702670097351,0.017297104,0.15293263,0.82977027
radar has been freezing and not moving for last month. deleted it after all this time. pos!!!,negative,negative,0.964432954788208,0.96443295,0.029680707,0.005886263
ok till it goes wrong,neutral,neutral,0.7857210040092468,0.024584942,0.785721,0.18969406
i rely on weatherbug every day.,positive,positive,0.7784208059310913,0.030874684,0.19070455,0.7784208
"love this app, especially the lightening strike tracker.",positive,positive,0.8925933837890625,0.02679263,0.080614,0.8925934
there's still more to it.,positive,neutral,0.556728184223175,0.09102396,0.5567282,0.35224783
very basic and subscription based,negative,positive,0.4564893841743469,0.12158845,0.42192218,0.45648938
no words great app,positive,negative,0.8054087162017822,0.8054087,0.16250117,0.0320902
"im not use as well, i think it is bad application, i dont like.",negative,negative,0.7623703479766846,0.76237035,0.21896505,0.01866455
keeps saying photos not found whwn trying to send/ attach to people. using a note <number> <url> its not <url> it <url> pwrfect for what application i needed it for. will try again when i get new phone in a couple weeks.,negative,negative,0.759940505027771,0.7599405,0.22184011,0.018219309
helpful for book reading,positive,positive,0.8918511867523193,0.008739109,0.0994097,0.8918512
sometimes slow but yet efficient.,positive,positive,0.7449501752853394,0.012668621,0.24238122,0.7449502
for some reason the keyboard doesn't work on my phone. and i can't do couple's bitmojis with my wife. but it's fun to use with her anyhow,positive,positive,0.5397539138793945,0.015996788,0.44424936,0.5397539
make anoying bc different ring with chat ring,neutral,positive,0.6628668308258057,0.05146556,0.28566763,0.66286683
"please make the browser application sync-able with android phones. i was able to sync a few days ago, but now it only syncs with an ios account.",positive,neutral,0.7228255867958069,0.11541917,0.7228256,0.16175526
great app. would have been a <number> if avatar could be edited,neutral,positive,0.7332930564880371,0.04878281,0.21792415,0.73329306
poor cousin to the desktop app,neutral,negative,0.8985543847084045,0.8985544,0.089703366,0.011742258
i get notification for update but i can't update my bbm. please fix it.,neutral,neutral,0.7585720419883728,0.08909355,0.75857204,0.15233442
it wont let me download its saying it is but not getting it,negative,negative,0.9339852333068848,0.93398523,0.059310645,0.0067041283
force closed zenfone <number>,negative,negative,0.9167400598526001,0.91674006,0.06473723,0.018522702
cloud service only idea bites,negative,neutral,0.6344060301780701,0.21043634,0.63440603,0.15515767
i can't sign <url> :'(,neutral,negative,0.5501666069030762,0.5501666,0.39346036,0.056372948
horrible for one reason,negative,negative,0.9601920247077942,0.960192,0.0319022,0.007905799
<salutation> opening unwanted liks,negative,negative,0.7454567551612854,0.74545676,0.21282648,0.041716676
won't let me end chat,negative,negative,0.7916701436042786,0.79167014,0.19091687,0.017413007
"nice, but flow could be better.",positive,neutral,0.511608362197876,0.014083405,0.51160836,0.47430822
it just froze up a few days <url> doesn't work at all when i click on it,negative,negative,0.9387256503105164,0.93872565,0.05364666,0.007627783
the news which displays on the welcome page is very annoying and vulgar have to be very careful when giving it to the children's at home to surf the internet and we had to use other browser in front of others as your front page containt all the vulgarity in news most of the people don't know how to disable news. the option should be visible on the front screen itself,negative,negative,0.6423310041427612,0.642331,0.32309747,0.034571603
seems impossible to make a review,neutral,neutral,0.8032956719398499,0.13117398,0.8032957,0.06553036
reflow doesn't let you move from what's on the screen. no option to go to specific pages directly (really? scroll through a <number> + page book everytime?),neutral,negative,0.4954501986503601,0.4954502,0.46963593,0.034913886
low score due to the lack of a dark theme/night mode in <number> !,neutral,negative,0.623161256313324,0.62316126,0.34432614,0.03251257
"no floating head, why",negative,neutral,0.5296381711959839,0.38780943,0.5296382,0.08255242
bad on sms blocking,neutral,negative,0.7879495024681091,0.7879495,0.19287975,0.019170705
hated the new update,negative,negative,0.958885908126831,0.9588859,0.034707006,0.006407043
i find it a bit odd that the app doesn't automatically open a file. i have to go to the app and open the file from there.,positive,neutral,0.7596475481987,0.02548791,0.75964755,0.21486455
the weather people are always wrong they suck,negative,neutral,0.5540726780891418,0.3607798,0.5540727,0.08514756
"no ""go to page"" feature? really?",neutral,negative,0.7634557485580444,0.76345575,0.210325,0.026219312
caused ipad safari to stop working,negative,negative,0.8624077439308167,0.86240774,0.11592251,0.021669742
it's a good app to communicate with team instantly,positive,positive,0.8382666110992432,0.008145806,0.1535876,0.8382666
garbage. worthless app. i hope someone comes up with one better and more organized for people use. makes no sense. cant navigate. not worth the headache.,negative,negative,0.9699884057044983,0.9699884,0.023285937,0.0067256954
good but seems to be a battery drainer on lollipop,neutral,neutral,0.6035311222076416,0.016315766,0.6035311,0.38015312
like the funny <url>,positive,positive,0.7553954720497131,0.012278966,0.23232557,0.7553955
"useless app, doesn't work as described",negative,negative,0.9689183235168457,0.9689183,0.02440937,0.006672344
pdf viewer works much smoother and loads faster,negative,neutral,0.5990368127822876,0.04521189,0.5990368,0.35575134
awesome app with awful ux,neutral,neutral,0.4560287594795227,0.30416992,0.45602876,0.23980136
<salutation> why most of the time. when i finish downloading video and going to play it. it says failed to open its not like this before using old version.,negative,neutral,0.6304051280021667,0.25934148,0.6304051,0.11025337
couldn't get edited photos out of lightroom!,negative,negative,0.9271674752235413,0.9271675,0.063542515,0.0092900405
the update sucks!!! i lost all the trees i previously unlocked.,negative,negative,0.9665055274963379,0.9665055,0.027632585,0.0058618165
the cancellations are confusing and the will double charge,neutral,neutral,0.7670737504959106,0.1349114,0.76707375,0.09801478
"great, but eset is going off",positive,positive,0.5781590342521667,0.033285376,0.38855562,0.57815903
it is too slow app.,negative,negative,0.5517045855522156,0.5517046,0.41002738,0.03826804
good & need more development options,neutral,positive,0.6561229228973389,0.009289438,0.33458766,0.6561229
browsing fast but before download its doing re direct and suggest an other app.,positive,neutral,0.7948278784751892,0.06409767,0.7948279,0.14107448
please fix as soon as <url> cannot send message n dont have received feeds,negative,neutral,0.5123804807662964,0.4255859,0.5123805,0.0620336
too many ads dude,negative,negative,0.6784006357192993,0.67840064,0.270734,0.05086525
through this app i get amazing deals,positive,positive,0.8962342143058777,0.031093257,0.07267249,0.8962342
very helpful & useful for media <url>,positive,positive,0.9118354320526123,0.012070529,0.07609402,0.91183543
very helpful the apps,positive,positive,0.9090262651443481,0.012019722,0.07895397,0.90902627
update screwed the app over,negative,negative,0.9506896734237671,0.9506897,0.04148654,0.007823766
i love the variety of fashion styles this app offers. really digging on the poses & emotion statements. emoji id me. a ok,positive,positive,0.92304527759552,0.01780935,0.05914538,0.9230453
except advertising everything is fine,positive,neutral,0.6417486667633057,0.023466483,0.64174867,0.33478484
does what it's meant to do,positive,neutral,0.7523558139801025,0.07913616,0.7523558,0.16850801
it's bad browsing with opera,positive,neutral,0.6759346723556519,0.2667113,0.6759347,0.057353985
storm warnings are behind. weather warnings just seams to be behind,neutral,neutral,0.6096971035003662,0.2589607,0.6096971,0.13134219
not really but they had an annoying notification getting me to rate the app so,negative,neutral,0.7505174875259399,0.07376883,0.7505175,0.17571366
was better before they started messing with it. but still a bit of silly fun,neutral,neutral,0.651573121547699,0.058464594,0.6515731,0.28996226
can no longer save locations.,neutral,negative,0.7085922360420227,0.70859224,0.2564098,0.034998026
"i use to like this app. but now the radar animation don't work,and i use to like that. i see it doesn't work for other people either sence the upgrade.",negative,negative,0.4968893229961395,0.49688932,0.44416726,0.058943372
it works but thats it,neutral,neutral,0.747957170009613,0.065674394,0.74795717,0.18636848
"next update have any problems after i'm updates its say bbm not responding, and refresh page is take a long time, maybe <number> minutes, why the hell??",neutral,negative,0.730502188205719,0.7305022,0.24077117,0.028726606
"just downloaded it, and haven't had the chance to use it much.",positive,negative,0.7187097668647766,0.71870977,0.25149906,0.029791156
inferior to the ios version.,neutral,neutral,0.6092522144317627,0.33405086,0.6092522,0.05669698
"this app just simply doesnt care if i have allowed the data access or not. despite completely stopping the access to mobile data and wifi, it still runs in the background, connects with the internet and receives the texts. extremely intrusive and not something to have installed on your phone. if this is how it behaves, then it can't be trusted. uninstalled.",negative,negative,0.964113175868988,0.9641132,0.03043489,0.005451854
quick booking. many options.,positive,positive,0.8813821077346802,0.009236048,0.10938182,0.8813821
can't jump to pages. up arrow disappears. at least make it optional for up arrow to stay visible all the time. just plain out aggregating to use.,negative,neutral,0.5022239089012146,0.45308802,0.5022239,0.0446881
very lag and make my phone so slow,negative,neutral,0.5993612408638,0.34971145,0.59936124,0.050927266
useful and stable application <signature>,positive,positive,0.9117065072059631,0.0111703705,0.07712314,0.9117065
overall a good app fast downloading and <signature>,positive,positive,0.9100531935691833,0.0077721844,0.082174644,0.9100532
good place to work in groups,positive,positive,0.7466771006584167,0.009612709,0.24371016,0.7466771
good application. but needs some improvement,positive,positive,0.6075143814086914,0.009586031,0.38289964,0.6075144
good app but to much fake news and add,negative,positive,0.49914780259132385,0.015685175,0.4851671,0.4991478
cool idea with severe (ironic) bug,positive,neutral,0.6956348419189453,0.06032943,0.69563484,0.24403575
this app are clearing all data,neutral,negative,0.9539069533348083,0.95390695,0.038054653,0.008038388
good for a waytomake moneyon the side,neutral,neutral,0.5156886577606201,0.015018585,0.51568866,0.4692928
it is very nice app,neutral,positive,0.8302619457244873,0.014697871,0.15504019,0.83026195
"best editing software. ui is easy , but please remove the trial",positive,positive,0.5661820769309998,0.015696973,0.41812092,0.5661821
not visible in app tray!,positive,negative,0.7780328392982483,0.77803284,0.19636533,0.025601782
the only thing i would do different is make this available on facebook i can't access it for my posts. had to uninstall and reinstall as it stopped working.,neutral,negative,0.6946936845779419,0.6946937,0.24017118,0.065135136
"would have been a perfect app excet for the fact that you cant insert the icon into your current text, but have to start a new one(text) <url> , and with every icon!",neutral,positive,0.5139937400817871,0.023738366,0.46226785,0.51399374
some issues in confirming the booking.,neutral,neutral,0.6056289076805115,0.02210824,0.6056289,0.3722629
pls also cover news of intl. importance,neutral,positive,0.7018890976905823,0.088491075,0.20961979,0.7018891
very easy to navigate,positive,positive,0.9021131992340088,0.0176575,0.08022933,0.9021132
won't stop shutting down. reported several times,negative,negative,0.8486063480377197,0.84860635,0.13271038,0.018683242
easy and very helpful,positive,positive,0.9160899519920349,0.012590333,0.071319684,0.91608995
"there is a problem, at least in this version, each time i try to view an already downloaded city guide while i'm online, always displays the search page for hotels <url>",neutral,neutral,0.7922823429107666,0.10134782,0.79228234,0.10636977
i am just downloading the app after completion i'll increase or decrease the rating based on the app performance,neutral,negative,0.49698248505592346,0.49698249,0.45306742,0.049950078
"notif now okay, ads still not ok",positive,negative,0.6546437740325928,0.6546438,0.31320524,0.03215101
"great app, too bad i'm on android.",positive,positive,0.7551875114440918,0.04966409,0.1951484,0.7551875
"it's is very effective app , but it takes too much time in opening",neutral,positive,0.7414966821670532,0.010827323,0.24767599,0.7414967
same bad it is good for search and for download but it is no to much good when i open uc browser on it home sreen or default and not save language option for my side not good,neutral,neutral,0.8183675408363342,0.10529976,0.81836754,0.0763327
not good for me,negative,negative,0.6704900860786438,0.6704901,0.29162323,0.03788668
it's good for few days later it is not working well,neutral,neutral,0.8216577768325806,0.02061523,0.8216578,0.15772712
"keeps crashing. really looked fwd to checking it out, but crashes all the time. the few times it worked the timer got messed <url> work it out!",neutral,negative,0.7860262393951416,0.78602624,0.19507238,0.018901428
the worst - yet the only <url> ckck,negative,negative,0.948578953742981,0.94857895,0.0395821,0.011838971
i love this app!it really helped me! devs keep on fixing and constantly improving on the app. worth any all in app purchases (which are very cheap btw). just missing a widget! &lt;/ <number>,negative,positive,0.794844925403595,0.056751598,0.1484035,0.7948449
my bbm very slow .. what happen ??,negative,negative,0.7810174822807312,0.7810175,0.1993012,0.0196813
i like booking in my computer,neutral,positive,0.7687771320343018,0.018989287,0.21223353,0.76877713
i like this app,positive,positive,0.7391327023506165,0.030016733,0.23085049,0.7391327
can't do or find anything on the app,negative,negative,0.8400784730911255,0.8400785,0.14698441,0.012937026
why open raw files ?,positive,neutral,0.6157304048538208,0.20643099,0.6157304,0.17783864
"all but useless in europe. slow to update and most features just don't work here at all. added a daily weather report, great! oh wait, it describes only one <url>",negative,neutral,0.5477917790412903,0.32620695,0.5477918,0.12600127
something very wrong with the app,negative,negative,0.7465956807136536,0.7465957,0.22431393,0.029090395
iterate this app more then ads,negative,neutral,0.49819573760032654,0.42483854,0.49819574,0.07696568
old seen should not repeat please,neutral,neutral,0.481192409992218,0.42108834,0.4811924,0.09771927
great app for traveling,positive,positive,0.8714715242385864,0.03782969,0.090698764,0.8714715
was so great <url> but <url>,negative,neutral,0.559217631816864,0.23597091,0.55921763,0.20481151
it's a nice app,positive,positive,0.7588506937026978,0.00999117,0.23115814,0.7588507
i love this service,positive,positive,0.5967823266983032,0.16741766,0.23580003,0.5967823
larry delaney like it,neutral,positive,0.6250178217887878,0.04412224,0.33085996,0.6250178
not working with google messenger,neutral,negative,0.8944631218910217,0.8944631,0.090804644,0.014732211
"i am enjoying the app very much, it was recommended by my nephew and it is everything that he said it would be!!",positive,positive,0.9033187627792358,0.019517938,0.07716338,0.90331876
really only works with small documents and even then runs into freezes on motorola droid. no page jump which for books is necessary,negative,neutral,0.7288380861282349,0.16003235,0.7288381,0.11112956
"i used to really love this app until it started killing my trees just for receiving a notification that i hadn't opened yet. advanced detection is not on. may as well turn the phone off, but i use it for music.",negative,neutral,0.5198895931243896,0.39330617,0.5198896,0.086804256
crashes immediately after startup - can't use it!,negative,negative,0.9645901322364807,0.96459013,0.028906444,0.0065034865
can't login to bbm,negative,negative,0.8615881204605103,0.8615881,0.12662469,0.01178726
an very much useful application,positive,positive,0.8921408653259277,0.012473542,0.095385574,0.89214087
works great except a few things,positive,positive,0.8415913581848145,0.018509265,0.13989937,0.84159136
"<salutation> awful interface lacking any true customisation, yet another chat app that brings nothing new to the table and steals ideas from discord, an exercise in reinventing the wheel which hasn't been updated in years and crashes all the time. also i wouldn't trust this app if you value your privacy. avoid like the plague.",negative,negative,0.9554537534713745,0.95545375,0.03805016,0.0064960653
good for editing bad for storage,neutral,neutral,0.6168761849403381,0.025071194,0.6168762,0.3580526
"it's <url> only downside is can't make just any emotion, but overall great",positive,positive,0.8808390498161316,0.011384768,0.10777624,0.88083905
used to work . please fix,negative,negative,0.751595139503479,0.75159514,0.22047774,0.027927196
it would be great if there's a feature where i can sort my files in folders because it is irritating to find a certain file in my sea of different subjects.,positive,neutral,0.49391552805900574,0.015570047,0.49391553,0.4905145
one thing that uc devs definitely do is to remove ads and news <url> page is annoying if we want to read then will go in news site,negative,neutral,0.6218574047088623,0.26220345,0.6218574,0.11593906
nice to be back,positive,positive,0.7717447876930237,0.013971107,0.21428409,0.7717448
"in all, we have to check this.",neutral,positive,0.6547948122024536,0.041594964,0.3036102,0.6547948
freezes on some files,neutral,neutral,0.7081804275512695,0.19452001,0.7081804,0.09729957
cannot save progress without spending money.,negative,negative,0.8617434501647949,0.86174345,0.123074934,0.015181639
greatly helpful. i like it,positive,positive,0.9171937108039856,0.015636414,0.067169845,0.9171937
can't even spell sydney right,negative,negative,0.9563760757446289,0.9563761,0.036809605,0.006814286
can't even create an account,negative,negative,0.9666038751602173,0.9666039,0.026802737,0.0065933247
nice app but you put extra features in this app but app is good,neutral,positive,0.6923213005065918,0.01125729,0.29642144,0.6923213
"good, but better without all those ads like other free messengers such as whatsapp, telegram, etc",neutral,neutral,0.5046501159667969,0.014943841,0.5046501,0.48040605
wow. useless. hated it. <number> stars. (if i <url> ),negative,negative,0.9670020937919617,0.9670021,0.025952524,0.0070453556
"bloated, glorified chat. i use it because my company obliges me to do so.",negative,neutral,0.4651118814945221,0.40915075,0.46511188,0.12573743
it dors ansolutely nothing. wastef my time!,negative,negative,0.9600199460983276,0.96001995,0.03379062,0.006189476
superb editing in this,neutral,positive,0.9095075130462646,0.015788184,0.07470425,0.9095075
"generally very good & helpful, with some good prices. free cancellation option is extremely useful.",positive,positive,0.9137458205223083,0.008882304,0.07737191,0.9137458
"the ""i'm listening to"" <url>",positive,neutral,0.43683815002441406,0.15051357,0.43683815,0.41264832
"solid app, but lacking in the tablet ux area",positive,neutral,0.8248499035835266,0.06034161,0.8248499,0.114808515
let people to create more characters,neutral,positive,0.698940098285675,0.022632398,0.27842745,0.6989401
app is good brower is so fast but news section in uc brower is the worst thing in the world,neutral,neutral,0.5924392938613892,0.31503066,0.5924393,0.09253
"it is good easy to use , but why i have to download opera browser to download any videos from uc browser please fix this problem .",neutral,neutral,0.6752530336380005,0.017148392,0.67525303,0.3075986
it worked better before the <url> anything posted is hard to see and get to.,neutral,negative,0.47473326325416565,0.47473326,0.4551236,0.07014312
can't apply for instagram. please updated,neutral,negative,0.9123162031173706,0.9123162,0.0796911,0.007992774
image size goes from <number> mb to <number> kb else fine.,neutral,neutral,0.7737447023391724,0.061862778,0.7737447,0.16439253
please enable apps <number> sd immediately. <signature>,negative,neutral,0.6158233284950256,0.121943876,0.6158233,0.2622328
like the app but the don't update rainfall very often.,positive,neutral,0.573154091835022,0.0327352,0.5731541,0.39411065
i liked <url> the size of this app is <url> is better,positive,positive,0.7422476410865784,0.022185681,0.23556669,0.74224764
this app is extremely bloated. for the functionality provided it should fit within <number> mb without issues.,negative,neutral,0.555320680141449,0.38972062,0.5553207,0.054958656
half assed. uninstall! droid ally,negative,negative,0.9692724347114563,0.96927243,0.024616744,0.0061107697
quite nice - would be useful to edit posts from mobile,positive,positive,0.8488442897796631,0.008410915,0.1427448,0.8488443
app <number> f. temp <number> f,negative,neutral,0.5110118389129639,0.35393366,0.51101184,0.13505453
too many update it's annoying,neutral,neutral,0.7794512510299683,0.1383451,0.77945125,0.08220368
not responding to phone calls or emails. no customer service at all.,negative,negative,0.9428399205207825,0.9428399,0.0496975,0.007462604
thanks for fixing the problem,negative,positive,0.8086836934089661,0.013101401,0.17821488,0.8086837
room rate at times is misleading subject to additional charges,neutral,neutral,0.5405089855194092,0.39956614,0.540509,0.059924882
access to files/photos/media,negative,neutral,0.6023745536804199,0.080043964,0.60237455,0.31758153
"best messaging app, not so great for file sharing though",positive,positive,0.7336978912353516,0.011816505,0.2544856,0.7336979
they want to much access,neutral,negative,0.7127822041511536,0.7127822,0.25069737,0.03652051
"would love more clothing choices, glasses and skin tones.",neutral,positive,0.9019505977630615,0.009781207,0.088268116,0.9019506
line freecall is better than bbm freecall,neutral,neutral,0.5888046622276306,0.055925447,0.58880466,0.3552699
this app very nice & use very easy,neutral,positive,0.9156946539878845,0.015336526,0.06896886,0.91569465
make the dp full hd,neutral,neutral,0.5591643452644348,0.062593386,0.55916435,0.37824228
good if it doesn't has annoying news banners,positive,neutral,0.7638261914253235,0.019711718,0.7638262,0.2164621
please make the lite variant of this app for smartphones with less storage.,negative,neutral,0.4871770441532135,0.050803125,0.48717704,0.46201986
age group <number> to <number> years old,negative,neutral,0.5833142399787903,0.17680545,0.58331424,0.23988025
takes a lot of space,negative,neutral,0.754580020904541,0.15625341,0.75458,0.08916661
trible app. ui is horrible.,negative,negative,0.9239581823348999,0.9239582,0.06473787,0.011303915
loved the app very much,positive,positive,0.4551070034503937,0.21451549,0.3303775,0.455107
this bbm is not working on my galaxy s <number> edge why,neutral,negative,0.9472023844718933,0.9472024,0.045355044,0.0074425787
it's great <url>,neutral,positive,0.7735862135887146,0.044795554,0.18161829,0.7735862
where is option for timer,negative,neutral,0.681110680103302,0.047439132,0.6811107,0.27145013
well not. so good work but. some what.,neutral,neutral,0.8161190152168274,0.034895744,0.816119,0.14898528
this could be great <url>,neutral,neutral,0.5736379623413086,0.072397836,0.57363796,0.35396424
take too much space or ram to run,neutral,neutral,0.6980311274528503,0.22853695,0.6980311,0.07343191
very useful. ive used the app many times in the last few years. hv even referred others by telling them directly. wish full address address of property could be included even before booking. thats my only complaint.,positive,positive,0.8467580080032349,0.013674395,0.13956763,0.846758
i love it but she doesn't look like me after making so many changes!!,positive,positive,0.7100649476051331,0.037251323,0.25268373,0.71006495
"it's ok, but since it appears to have basic reflow why can't we have white text on black background to save battery?",neutral,neutral,0.8296567797660828,0.017337734,0.8296568,0.15300547
great!!! amazing tool for textbooks in pdf <url> i use it on my lenovo tab <number> <number> plus and it works awesome. most of my medical textbooks converted in pdf run absolutely fine with this app.,positive,positive,0.9117241501808167,0.021136822,0.06713906,0.91172415
bothering me for a rating,neutral,neutral,0.5085191130638123,0.44445765,0.5085191,0.04702329
it works great until you need to use another app. even when i whitelist apps my tree still withers,neutral,neutral,0.60989910364151,0.07850313,0.6098991,0.31159785
good weather overview. occasionally buggy (no pun intended).,positive,positive,0.6795772910118103,0.009556141,0.31086662,0.6795773
when it works is great,neutral,neutral,0.5799902677536011,0.20606647,0.57999027,0.21394324
radar map doesnt work at all since last update. please fix and get <number> stars,negative,negative,0.9638221859931946,0.9638222,0.029932465,0.006245338
"how do i use on facebook,?",negative,neutral,0.5084846615791321,0.2435946,0.50848466,0.24792066
used to be my favorite app,negative,negative,0.7888280153274536,0.788828,0.1879983,0.023173714
its all good except for one thing.,neutral,neutral,0.667097270488739,0.013294049,0.6670973,0.31960866
to good to be true,positive,neutral,0.4963853061199188,0.056079492,0.4963853,0.4475352
this app is useful for me,positive,positive,0.8512498736381531,0.010252973,0.13849719,0.8512499
"only worked for a day, then the app would never open and kept saying there was a error. uninstalled the re-installed <number> times never worked again",negative,negative,0.9608682990074158,0.9608683,0.03252197,0.006609791
not able to open pdf's downloaded to sd <url>,negative,negative,0.7690324783325195,0.7690325,0.20256826,0.028399263
slow and crashes dinc v <number> . <number>,negative,negative,0.7472984194755554,0.7472984,0.2307096,0.021991972
"easy to use, fairly accurate!",positive,positive,0.9284241199493408,0.010758502,0.0608174,0.9284241
its a usefull app for informal office communication.,positive,positive,0.8952543139457703,0.009768986,0.09497673,0.8952543
"facebook face detection doesn't work, so you have to start from scratch. also not enough selection to choose from.",neutral,negative,0.8294480443000793,0.82944804,0.1573107,0.013241201
more than one and add more stuff. (stuff to make the avatar),neutral,positive,0.8169626593589783,0.016935397,0.16610192,0.81696266
i can't play it that sucks,negative,negative,0.93407142162323,0.9340714,0.058287982,0.0076406198
crashes during import htc one m <number>,negative,negative,0.8702287077903748,0.8702287,0.112726234,0.01704497
does exactly what it says. i like it.,positive,positive,0.7894342541694641,0.011701815,0.19886394,0.78943425
i think this app is good,positive,positive,0.5815285444259644,0.013217905,0.40525356,0.58152854
great app. free cancellation should be indicated per hotel before booking.,positive,positive,0.7937811017036438,0.050617732,0.15560117,0.7937811
"it's great for pdf, i only wish it supported other book formats like epub or mobi",positive,positive,0.8752388954162598,0.009082437,0.11567866,0.8752389
"stopped working and deleted everything after a week, pretty poor i'd say",negative,negative,0.906304121017456,0.9063041,0.083800346,0.009895519
"a couple days ago, started telling me it can't attatch the emoji to my texts, that just stinks! i have a galaxys <number>",negative,negative,0.8586808443069458,0.85868084,0.12626255,0.01505649
overall very useful app. i only don't like the fact that also sold-out hotels are shown. can be quite frustrating.,positive,positive,0.817506730556488,0.010280438,0.17221284,0.81750673
works well. it could have been better if approximate dates were allowed in search form.,positive,positive,0.7093678116798401,0.010691528,0.27994066,0.7093678
still not as good as it could be!,neutral,neutral,0.7466147541999817,0.08313123,0.74661475,0.17025404
for more information about this review go to <url>,negative,neutral,0.5334497690200806,0.1273469,0.53344977,0.33920336
its been <number> years im using uc browser i gave a feedback that in uc browser we can't download videos directly to sd <url> have given a feedback about this past <number> years back but still uc team have not sloved my <url> service i request google team to please remove this uc browser from google <url> dnt need this kind of careless team ..,negative,negative,0.9524387121200562,0.9524387,0.04124354,0.006317626
awesome app to find any <url> it,positive,positive,0.866739809513092,0.024286488,0.108973645,0.8667398
ok permissions fix. i've updated and given back two of the four stars i'd dropped.,neutral,neutral,0.7948083877563477,0.079937145,0.7948084,0.12525441
i love the idea but can we get a weekly forest too?? that would be quite motivating!,neutral,positive,0.8317548632621765,0.01262496,0.15562014,0.83175486
it's very good for edit photos and make photos and make a design of any things,positive,positive,0.9114612340927124,0.010218152,0.0783206,0.91146123
"i really love the lightroom software for laptops and other devices, but i don't find the app really convincing when compared to the software as you just miss so many options in the app",neutral,neutral,0.5101452469825745,0.03414351,0.51014525,0.45571125
"latest version is <number> . <number> . <number> , last updated on <number> th september <number> . uninstalled as abandoned. desktop is already at <number> . <number> .",negative,negative,0.9613715410232544,0.96137154,0.031602036,0.0070263976
just click the back button and my tree will still <url> and i don't think i have the whitelist edit- i think your tree only dies when you open another app that isn't on your whitelist or else the list is <url> am i wrong?,positive,negative,0.5607271790504456,0.5607272,0.38520432,0.05406848
adobe products are awsome,positive,neutral,0.5675294995307922,0.28375882,0.5675295,0.1487117
latest update fails to install with 'unknown reason - <number> ',neutral,negative,0.8874217867851257,0.8874218,0.09908691,0.013491343
"the app syncs messages too slowly and marking messages as ""read"" is buggy.",neutral,neutral,0.8297343850135803,0.045011763,0.8297344,0.1252538
"great service, terrible app. the app doesn't seem work with mobile internet which makes it mostly useless.",negative,negative,0.9570125341415405,0.95701253,0.035446577,0.0075409114
now <number> % harder to use,negative,negative,0.7800798416137695,0.78007984,0.18963222,0.030287938
marginal but still better than others i have tried.,neutral,neutral,0.6364884972572327,0.038174134,0.6364885,0.32533735
the app doesn't provide multiple tabs at a time. it would be great if its possible.,positive,neutral,0.6514756679534912,0.027192593,0.65147567,0.3213318
good app and uesfull,negative,positive,0.7110916972160339,0.010779218,0.27812913,0.7110917
only hate the <url>,positive,positive,0.5256399512290955,0.11445483,0.3599052,0.52563995
"i was using it every day and i think it was brilliant, even upgraded to paid version but since last update i haven't been able to access it at all as it keeps crashing. please fix it.",neutral,positive,0.4866603910923004,0.08268279,0.4306568,0.4866604
wont work for saml integration,neutral,negative,0.9336971640586853,0.93369716,0.05906015,0.0072426284
good but ads are annoying,neutral,neutral,0.5894879698753357,0.015625795,0.58948797,0.39488623
"app works fine, but it is very disappointing that there is no possibility to just use the map to find available accommodation. you always have to fill a place to search, but mostly i just want to browse and see what's available, regardless of the location.",neutral,neutral,0.6780441999435425,0.021408634,0.6780442,0.30054712
worst app and if it is install u r phone become a virus attack,negative,negative,0.9697867631912231,0.96978676,0.023977526,0.0062357476
not what i'd expect from the creators,neutral,negative,0.7785508036613464,0.7785508,0.19569746,0.0257518
"won't leave my facebook, like a <url>",negative,negative,0.8987892866134644,0.8987893,0.09148806,0.009722632
ads is an inconvenient thing so far,positive,negative,0.5196329951286316,0.519633,0.44460657,0.035760373
"i like the interface , it's really good. for me, i feel it would be nice to have a look up option when we right-click on words . it's functionality is to link up words to our dictionary apps. <signature>",positive,positive,0.8697413802146912,0.008132058,0.122126564,0.8697414
good but many <url>,positive,neutral,0.7070716023445129,0.0216888,0.7070716,0.27123958
requires photos to be imported into lightroom. i know this has how the desktop version but wish the mobile version was faster and easier to use.,neutral,neutral,0.7918515801429749,0.06744502,0.7918516,0.14070338
miss tabs to move between open docs. otherwise is fab.,positive,neutral,0.7720338106155396,0.1060749,0.7720338,0.1218913
"they stole from me i wanted a refund and because the manager of the hotel i chose treated me indifferently all because i wasn't <number> and so i emailed their "" <number> hour customer service"" and never got helped. lost $ <number> . don't use this app it is a trap.",negative,negative,0.9699762463569641,0.96997625,0.02446151,0.0055621928
my ag fans love the photos i do,positive,positive,0.8855926394462585,0.035761114,0.0786463,0.88559264
this app would be perfectly awesome if it worked with the keyboard on my tablet so that i could use it in facebook when i <url> without white backgrounds,neutral,positive,0.7374730110168457,0.020266296,0.2422607,0.737473
"why my friends can retract or delete their messages, while i can't? i don't know what bb phone or android they have.",neutral,neutral,0.6025646924972534,0.25666398,0.6025647,0.14077136
it sucks non free things to choose from,negative,negative,0.9593167304992676,0.95931673,0.03473133,0.0059520067
this is very good app for downloading,positive,positive,0.8591452836990356,0.011681867,0.1291728,0.8591453
not accurate information all the time,neutral,neutral,0.6562199592590332,0.27733403,0.65621996,0.06644595
cannot show my reserved bookings,negative,negative,0.5759733319282532,0.57597333,0.3978033,0.026223334
i love this app,positive,positive,0.4544210433959961,0.24486917,0.3007098,0.45442104
my company forces me to use this app.,neutral,negative,0.9611218571662903,0.96112186,0.03291836,0.005959796
it's hard to cancel a booking when <url> to use,neutral,neutral,0.7864991426467896,0.08751323,0.78649914,0.12598763
won't open email attachments,negative,negative,0.9600887894630432,0.9600888,0.034523264,0.005387957
couldn't find a better suited search app. compliments to the team. trivago couldn't find these many options.,positive,neutral,0.516914427280426,0.40397707,0.5169144,0.0791085
"simple to use, don't seem to be able to see complete booking information",positive,positive,0.733980655670166,0.019109366,0.24690992,0.73398066
absolutely one of the <signature>,positive,positive,0.9202284216880798,0.019946367,0.059825253,0.9202284
i like the reading mode specially. but sometimes it crashes.,positive,positive,0.6985957026481628,0.020897154,0.28050712,0.6985957
sounds and digital mixer cansol,positive,positive,0.741667628288269,0.04398639,0.21434595,0.7416676
"lacks a lot of basic features such as bookmarks and ""goto page"". thinkoffice does a better job.",negative,neutral,0.8512544631958008,0.07732088,0.85125446,0.071424715
much better than asana,positive,positive,0.7409202456474304,0.0446549,0.21442485,0.74092025
better on my windows phone,negative,neutral,0.5031078457832336,0.087477095,0.50310785,0.40941504
it's good but always show on screen when i switch on my home screen,neutral,neutral,0.5179362297058105,0.011333148,0.5179362,0.4707306
this app is my go to when i need to know about the weather.,positive,positive,0.8632832765579224,0.029396132,0.10732062,0.8632833
"okay but not great, and not really improving",neutral,neutral,0.8384005427360535,0.038719416,0.83840054,0.122880004
it should have pause option,neutral,neutral,0.732771635055542,0.032819804,0.73277164,0.2344085
"all is good in this app except i couldn't see any hdr option while clicking photos, may be since i use oneplus one, which also has high processing power and advanced chipset enough to support this app. so they should support many more devices like this! hope the support arrives in next update itself.",neutral,neutral,0.5292881727218628,0.013512707,0.5292882,0.45719913
"professional app , useful for office purpose , easily connect to office by mobile but too much heavy unable to send messages on slow network.",positive,positive,0.863054096698761,0.015507492,0.12143835,0.8630541
update is not starting after clicking on update button,negative,negative,0.5614805221557617,0.5614805,0.3982921,0.04022734
hate it since the update,negative,negative,0.9534918665885925,0.95349187,0.04015014,0.006357982
tired of getting ripped off.,negative,negative,0.4728828966617584,0.4728829,0.46345252,0.063664585
had to sleep in the truck!,negative,negative,0.9187928438186646,0.91879284,0.07009409,0.011113068
radar stopped working. i would've given <number> star rating if it worked.,negative,negative,0.909259557723999,0.90925956,0.07403538,0.016705066
worst experience in goa,negative,negative,0.9666426181793213,0.9666426,0.026877185,0.006480164
like it because it syncs better,positive,positive,0.8471547961235046,0.01159864,0.14124657,0.8471548
i can connect to my friends.,positive,positive,0.8916043043136597,0.019796787,0.08859892,0.8916043
i love this app,negative,positive,0.4544210433959961,0.24486917,0.3007098,0.45442104
fantastic app for downloading and easy to use,positive,positive,0.9063173532485962,0.014410344,0.07927224,0.90631735
"unable to change alert sound. not in options. unable to enable alerts per channel, on all or keywords and direct. closer to a beta than an app.",negative,negative,0.8555812239646912,0.8555812,0.13032016,0.014098667
so much fun! makes people laugh.,positive,positive,0.7600438594818115,0.04595876,0.19399737,0.76004386
similar to all other photo editing apps. doesn't stand out from ythe rest.,neutral,neutral,0.7512437105178833,0.064173564,0.7512437,0.1845827
the quality of display picture is so bad,neutral,neutral,0.6403215527534485,0.2986826,0.64032155,0.060995933
this app is very fast,neutral,positive,0.8740538954734802,0.026941825,0.09900427,0.8740539
dear friends do not install this browser. this browser is pathrtic <url> will ads and ads on this .really annoying,negative,negative,0.9294796586036682,0.92947966,0.06295011,0.0075702267
please fix so i can type!,negative,neutral,0.6221377849578857,0.05035758,0.6221378,0.32750458
able to provide sufficent info regarding hotel that want to be rent,positive,positive,0.7019164562225342,0.025233211,0.2728503,0.70191646
they make you pay to create an account!! this is outrageous.,negative,negative,0.9682540893554688,0.9682541,0.025636617,0.0061093345
"it's a great concept for assosiating a reward to focus for those of us who struggle; however, my tree withers when someone phones me and i don't answer which is obviously a piss off.",positive,positive,0.7703107595443726,0.02549784,0.20419139,0.77031076
really a very good app,positive,positive,0.8713288903236389,0.017323144,0.11134797,0.8713289
awesome app! it will be better if you sync all your timers on your phones and chrome/mozilla extension. because i have to start to plant on my <number> phones and my browers when i'm working when you can do it just once and all your timers will start automatically. i hope you do it!,positive,positive,0.8952945470809937,0.016350685,0.088354744,0.89529455
this app is very nice,positive,positive,0.8508521318435669,0.016285043,0.13286282,0.85085213
"this app is super cute! my only complaint is that there is no piercing section! i have <number> piercings and would really like to at least have a nose ring! or maybe earrings? also think you should be able to customize outfits, like pick a shirt, bottoms, and shoes! instead of just the premade outfits.",positive,positive,0.9043830037117004,0.013540476,0.08207652,0.904383
"app is okay but has superfluous things that i will never use. including every option is okay but the ideal app would allow for complete customization of components and page information that is pertinent to the user and where they are located. additionally, collecting metrics on what users actually use versus what is weak allows for improved development of the weaker app areas. that said, i have used this app for a long time with little cause for complaint.",neutral,positive,0.4973466098308563,0.019051647,0.48360178,0.4973466
could you please add an option for exporting photos using the png format? it would be very handy.,neutral,positive,0.6989085674285889,0.009798431,0.29129303,0.69890857
i like the reflow feature. but useless for me as i can't search nor skip to a specific page (have to scroll through entire books),negative,neutral,0.5901226997375488,0.05118167,0.5901227,0.35869566
"simple yet effective. would be great if the app had more customisation options like moving the plants around, changing the colour etc.",positive,positive,0.8749780654907227,0.008081411,0.11694052,0.87497807
uc brouser is <signature>,positive,positive,0.5834560394287109,0.11614078,0.30040315,0.58345604
not starting since last update. please see to it. i gave <number> star so you can quickly check my issue. my phone is note <number> neo n <number>,positive,neutral,0.4940139651298523,0.43037477,0.49401397,0.07561134
doesn't work properly on nova launcher,neutral,negative,0.9299777746200562,0.9299778,0.06151281,0.008509485
"useful, informative and helpful <signature>",positive,positive,0.9211505651473999,0.012749508,0.06609991,0.92115057
still no floating head!! disappointed,negative,negative,0.6778987050056458,0.6778987,0.27801767,0.04408355
this app sucks now,negative,negative,0.970162034034729,0.97016203,0.023500895,0.006337098
it can't find my photos,negative,negative,0.8852409720420837,0.885241,0.103030376,0.011728744
what happened to my little shortcut!? or used to stay open in all my messaging <url> now it's gone!!,negative,negative,0.8119937181472778,0.8119937,0.15830415,0.029702162
stable and functional but not totally user friendly.,neutral,neutral,0.5264880657196045,0.017334314,0.52648807,0.4561776
this is good <url>  downloading movies but many. ads are come in between browsing,neutral,neutral,0.7118965983390808,0.020447569,0.7118966,0.26765582
i don't like the company not the app,negative,neutral,0.6627951264381409,0.21276487,0.6627951,0.124440044
"great app but would love to have better clothing styles. maybe peacoats, pencil skirts etc. <signature>",positive,positive,0.9115143418312073,0.013350065,0.07513565,0.91151434
radar map will not move. it hasn't been accurate either.,negative,negative,0.9523216485977173,0.95232165,0.04034823,0.007330092
"simplistic, designed to exceed expectations and overcome limitations.",positive,positive,0.5069730281829834,0.04414902,0.44887796,0.506973
<url> sometimes it's gone <url> hate slow,neutral,neutral,0.5455543994903564,0.31932965,0.5455544,0.13511592
"i would use it more but i dont like that it has to start a new message, would be better if it would just add to the convo on the screen",neutral,neutral,0.7377731204032898,0.03365153,0.7377731,0.22857535
very bad app. it is forcing to instal. i think it is a virus.,negative,negative,0.9688594341278076,0.96885943,0.025380896,0.005759662
better if no trial period and unlimited use for free,positive,neutral,0.5697347521781921,0.018311882,0.56973475,0.41195336
great but needs presets access,neutral,positive,0.8287097811698914,0.028673457,0.14261681,0.8287098
each time it simply keeps saying that my phone has <url> disgusting,negative,negative,0.796097993850708,0.796098,0.1801854,0.023716547
keeps documents in line. i really like this application!,positive,positive,0.7954235076904297,0.029468305,0.17510818,0.7954235
anyone video download stop and very slow download,negative,negative,0.6890174150466919,0.6890174,0.2892765,0.021706082
used to work but no longer does. writing this review while my is growing :/,neutral,negative,0.7276026606559753,0.72760266,0.24319294,0.02920446
limited options but fun,neutral,neutral,0.5978454947471619,0.021618968,0.5978455,0.38053557
would give better but have'nt used much yet,negative,neutral,0.6861056685447693,0.026956264,0.68610567,0.28693804
"app ok, but temp doesn't update in notification bar",neutral,neutral,0.8686623573303223,0.035355978,0.86866236,0.095981725
no way to redeem tickets.,neutral,negative,0.952518880367279,0.9525189,0.039066996,0.008414114
"silly app , it would let me open google while it will kill the plant if i open calculator or dictionary",negative,negative,0.8783798813819885,0.8783799,0.107989185,0.0136308465
"wow, such a pos!",negative,positive,0.8229067921638489,0.03543653,0.14165671,0.8229068
is a great app but since the update a couple of days ago i can't get radar to work. tried uninstalling and reinstalling but doesn't work.,positive,neutral,0.7504382133483887,0.11392116,0.7504382,0.13564067
"i hate start up with system, i don't use it frequently",negative,negative,0.9477408528327942,0.94774085,0.04545794,0.0068011833
push notifications not working,negative,negative,0.7468146681785583,0.74681467,0.22860277,0.024582552
good combination with acrobat reader. it's quite clear,positive,positive,0.8704559803009033,0.007877996,0.121666,0.870456
nice. update it to be more digital. very clear,positive,positive,0.8074131608009338,0.010731635,0.18185523,0.80741316
nice but sometimes hanging,positive,positive,0.708853542804718,0.012147674,0.2789988,0.70885354
still getting to know it,positive,neutral,0.5151290893554688,0.13320343,0.5151291,0.35166752
i use it for reading articles and it's fine. would be useful to be able to open two articles at once for cross reference but otherwise happy with the app,positive,positive,0.8692071437835693,0.0077076624,0.123085216,0.86920714
its better than others,neutral,positive,0.6149308681488037,0.019365277,0.36570385,0.61493087
does not work. in play store not listed as trial .come on adobe you stop down loads from your services now products do not work and listed as free we hen really a trial,negative,negative,0.9695992469787598,0.96959925,0.024380958,0.0060198293
almost a good editor,positive,positive,0.6807858347892761,0.015425655,0.30378848,0.68078583
not able to download new <url>,neutral,negative,0.7891800999641418,0.7891801,0.18343712,0.027382756
"so i create a pdf using an adobe program, then send it to my phone to see what it looks like, but it won't open! pretty lame if you ask me.",negative,negative,0.5113455653190613,0.51134557,0.44797274,0.04068173
sometime can't change display picture at asus zenfone <number> . please fix,negative,neutral,0.7170811891555786,0.03685801,0.7170812,0.24606079
really nice concept but on android it just keeps hanging and eventually crashing.,negative,neutral,0.7214866876602173,0.061744813,0.7214867,0.2167685
doesn't work on my phone. always error,negative,negative,0.9438990354537964,0.94389904,0.050047766,0.00605319
slackbot opens every time i start to type a reply in the app. started happening with the last update (note <number> ). why can't we disable slackbot? <number> star until we get this ability.,negative,negative,0.5587217211723328,0.5587217,0.3835633,0.057714973
"complex app that covers all sorts of things related to travelling, maybe too many",positive,positive,0.888292133808136,0.017333126,0.09437478,0.88829213
great and more awesome,positive,positive,0.8545950055122375,0.04584834,0.099556625,0.854595
not what i asked for,negative,negative,0.8745622038841248,0.8745622,0.10845865,0.016979126
i wish you would show canadian maps,neutral,neutral,0.5273041725158691,0.050621223,0.5273042,0.42207456
you don't allow to take in-app screenshots?,neutral,negative,0.7287781834602356,0.7287782,0.24013199,0.031089742
how about date birth,negative,neutral,0.5241244435310364,0.099460304,0.52412444,0.37641525
"works great, other then not being able to delete content directly from phone.",neutral,positive,0.5976637601852417,0.02171081,0.38062546,0.59766376
can't copy/paste or add keyboard to android,negative,neutral,0.8033729791641235,0.12054146,0.803373,0.076085545
can't even create a account tried more than <number> times,negative,negative,0.9694467186927795,0.9694467,0.025128093,0.005425145
fast and good but missing features.,neutral,neutral,0.5538637042045593,0.018922618,0.5538637,0.42721364
cannot get rid of floating head in my messages and it's driving me mad. i've had to uninstall the app to get rid of it &gt;:-/,negative,negative,0.8881897926330566,0.8881898,0.10185631,0.009953914
"love this app. i use it to study, but i answered a phone call and it wilted my tree. i can't really help when i receive phone calls. this one had to be answered and now i have to look at a wilted tree in my beautiful forest. i am upsetti spaghetti since i'm a perfectionist",positive,positive,0.8339976072311401,0.035774063,0.1302284,0.8339976
this app is slowly work,neutral,neutral,0.5708070397377014,0.3096791,0.57080704,0.119513825
no instructions on how to delete files/pages viewed.,neutral,neutral,0.5715833306312561,0.3790757,0.57158333,0.04934099
it helps a lot.,positive,positive,0.7912434339523315,0.014144901,0.19461168,0.79124343
"need to improve performance, usablity, and <url>",neutral,neutral,0.5119079947471619,0.026880734,0.511908,0.46121123
multiple image share option is missing,neutral,neutral,0.6559399366378784,0.048642185,0.65593994,0.29541785
"i like the functions, but",neutral,neutral,0.5128108263015747,0.021050328,0.5128108,0.46613887
why don't you just block us all?! =d =d =d,negative,negative,0.611578106880188,0.6115781,0.33758193,0.050839957
easy to find hotel,neutral,positive,0.8226838111877441,0.023701372,0.15361483,0.8226838
"if unexpected crashes negleted, it is so far the <signature>",positive,positive,0.57244873046875,0.044560187,0.3829911,0.57244873
used to love it,negative,negative,0.8242944478988647,0.82429445,0.15593211,0.019773504
"i love this app but with the latest update it died when i used a white listed app, and when i checked my whitelist i couldn't scroll through or change anything which was weird. plz fix this and add more trees!",positive,positive,0.6179641485214233,0.04675797,0.3352779,0.61796415
very good mobile phone photo editor,positive,positive,0.8884235620498657,0.011991715,0.09958475,0.88842356
keeps telling u to turn on the access then brings u to the settings page and even aft you check all the boxes doesnt take you back to the app. and continues to keep popping up disrupting phone usage. app doesnt work properly,negative,negative,0.9531779289245605,0.9531779,0.040978834,0.005843287
app is faster but stucks mobile pleas fix it up,positive,neutral,0.7628950476646423,0.116121836,0.76289505,0.120983146
"should have ""seen"" feature",neutral,neutral,0.7339440584182739,0.038222104,0.73394406,0.2278338
"can not zoom in or out, plis fix",neutral,neutral,0.5304080843925476,0.43023834,0.5304081,0.039353613
nice idea and interface but finding friends doesn't work on android,neutral,neutral,0.7716028094291687,0.03723723,0.7716028,0.19115996
white list is so frustrating!,negative,negative,0.7498173713684082,0.7498174,0.2276625,0.02252017
need <url> saving to gallery issue adding photo issue,neutral,neutral,0.7818315029144287,0.07374153,0.7818315,0.14442697
the live doppler doesn't work since i updated,negative,negative,0.7090262770652771,0.7090263,0.26557788,0.025395883
very ugly and difficult to use platform. i do not suggest it. very bad,negative,negative,0.952582061290741,0.95258206,0.040909953,0.0065080123
recent update be unstable and loading so late,neutral,neutral,0.6207359433174133,0.31867626,0.62073594,0.060587812
would give <number> stars if you blocked the facebook messenger bubble as well,positive,neutral,0.6403461694717407,0.042618748,0.64034617,0.31703508
it's a good overall weather app. do miss the traffic cam.,positive,positive,0.7543448805809021,0.008472475,0.23718257,0.7543449
really hard to navigate.,neutral,negative,0.9043353199958801,0.9043353,0.08469036,0.01097431
they don't refund difference if room is cheaper,negative,neutral,0.5442715287208557,0.37803522,0.5442715,0.07769327
"works most of the time. freezes sometimes while trying to open a document, but just restart the app and it's good to go.",positive,neutral,0.6423276662826538,0.023151124,0.64232767,0.33452114
my friend show me it on tumbler it's amazing <signature>,positive,positive,0.8953137993812561,0.017841773,0.08684441,0.8953138
would of gave it <number> stars if i could. i just figured out that this app was using <number> % of my battery life and i never even use the app. sucks really bad.,negative,negative,0.8894868493080139,0.88948685,0.0969091,0.013604061
"you ruined the icon, we said ok. now you are ruining the background color too. stop changing, no one was complaining!",neutral,negative,0.8115540146827698,0.811554,0.16488625,0.023559704
should have been a <number> star but why's the android version lacking local adjustments that the ios version has. i can understand that there may be delays among platforms but it's already <number> months behind!,neutral,neutral,0.7592507004737854,0.092465796,0.7592507,0.14828342
nothing i want from this app,negative,negative,0.9433586001396179,0.9433586,0.04850745,0.00813386
so great until today,negative,neutral,0.5064941644668579,0.35183883,0.50649416,0.14166702
it would be nice if it had it on like whatsapp for android but you have to download another app to access that <url> yeah but it's good,positive,neutral,0.5760889053344727,0.011877469,0.5760889,0.41203362
high quality images turns into low quality,neutral,neutral,0.5209522247314453,0.4114742,0.5209522,0.06757357
"it doesnt work, the screen flashes on and off and it wont open",negative,negative,0.9645561575889587,0.96455616,0.0291397,0.0063041043
no retract in options,neutral,neutral,0.751715898513794,0.13702846,0.7517159,0.11125562
last position read somewhat flawed,neutral,neutral,0.6782458424568176,0.16581592,0.67824584,0.15593816
get <number> days free trial. nice. to try it i need to be able to access photos that store to my sd card. i do that so i have room on my phones internal drive. waste of time,negative,negative,0.9605394601821899,0.96053946,0.03301908,0.006441546
does not support to open pwd protected document,neutral,negative,0.8605920672416687,0.86059207,0.12538682,0.014021127
got rid of the irc gateway. this was why we used slack. uninstalled.,negative,negative,0.9667637348175049,0.96676373,0.026211679,0.0070245173
more theme and customization <url>,positive,positive,0.8704279065132141,0.021501316,0.1080708,0.8704279
some items don't work!,neutral,neutral,0.569585382938385,0.35850155,0.5695854,0.07191307
map animation still has bug.,negative,neutral,0.7213311791419983,0.19316512,0.7213312,0.08550361
"ignores some files, loads a few others",neutral,neutral,0.5902825593948364,0.3684737,0.59028256,0.04124373
it's not as good as it used to be,neutral,neutral,0.731094241142273,0.20090061,0.73109424,0.068005145
"good, but needs things",positive,neutral,0.6550800204277039,0.014310473,0.65508,0.33060956
not working properly on samsung galaxy a <number> .,negative,negative,0.9089616537094116,0.90896165,0.07830751,0.012730782
views pdfs better then stock app but it doesn't see pdf's on sd card,negative,neutral,0.8132243752479553,0.0774261,0.8132244,0.109349534
no way to get rid of ads on terrible screen layout.,negative,negative,0.9608897566795349,0.96088976,0.032392893,0.006717425
required an account. i want an app to edit pictures on my phone. the online storage and synchronization should be an optional feature; not a requirement.,negative,neutral,0.7602258920669556,0.169154,0.7602259,0.0706201
ok with local weather love the thunder part of the app,positive,positive,0.7857263684272766,0.015701292,0.1985724,0.78572637
trivago the tru app,neutral,neutral,0.4732955992221832,0.31151247,0.4732956,0.21519193
add a floating notification,positive,neutral,0.6255879998207092,0.06725804,0.625588,0.30715388
why i can not share video on bbm group; too many update but no significant effect,negative,neutral,0.6082236170768738,0.3267641,0.6082236,0.06501226
limited options for search,negative,neutral,0.8063376545906067,0.036155615,0.80633765,0.15750676
good for messaging not for calls,neutral,neutral,0.8176950216293335,0.06767344,0.817695,0.114631556
"it's available when i need it and it's more accurate than other weather apps i've tried. update(jan <number> ) <url> recent california winter has been crazy, and frankly this app has let me down with inaccurate forecasts for most of it. comparatively, the google now app is more accurate. maybe the sensors in my area are just bad. when it's fixed, i revisit my review.",neutral,neutral,0.5716628432273865,0.045897257,0.57166284,0.3824399
you could add a bit more features. birthmarks scars moles etc,positive,positive,0.5853450298309326,0.016281787,0.39837322,0.58534503
i am using it before <number> years,positive,neutral,0.48908278346061707,0.26070026,0.48908278,0.25021696
like many sites if you visit a chosen hotel more than once or twice the price rises!,neutral,positive,0.8579186797142029,0.014261058,0.12782021,0.8579187
amazing experience so far with this. iam being familiar with it.,positive,positive,0.8996077179908752,0.019636681,0.08075557,0.8996077
doesn't save properly half the time and definitely could use some more filters.,negative,neutral,0.7049526572227478,0.03292008,0.70495266,0.26212725
why is the iphone app so much better!,negative,neutral,0.49202996492385864,0.42847413,0.49202996,0.07949591
"browser not opening sites, it just ideal.",negative,neutral,0.780786395072937,0.1154653,0.7807864,0.103748396
"continuous crashing, won't even open now.",negative,negative,0.9632768630981445,0.96327686,0.03037178,0.006351285
they forced me to rate them so i docked a star.,neutral,negative,0.9625824689865112,0.96258247,0.03100201,0.006415478
lame. doesnt work for samsung intercept,negative,negative,0.9562698006629944,0.9562698,0.037646886,0.0060832393
of mice and man,negative,negative,0.5775659680366516,0.57756597,0.30159888,0.12083515
only thing missing is custom notification,positive,positive,0.7764571905136108,0.027112106,0.1964307,0.7764572
video cant open after click tha video,negative,negative,0.9138489365577698,0.91384894,0.07637727,0.009773768
weather animation has stopped and will not start. has been off nearly <number> weeks.,negative,negative,0.9039634466171265,0.90396345,0.08599267,0.010043856
"i just came here because this app was featured on silicon valley, looks like a great app with an attractive interface.",positive,positive,0.8467840552330017,0.03767339,0.11554251,0.84678406
it's okay except for i have a lg phone and it doesn't work that well with the lg phone,positive,neutral,0.8451652526855469,0.018648686,0.84516525,0.1361861
cannot open or detect image file imported from nikon <number> j <number> camera which has .jpeg <url> i had to convert it first or use another photo app editing and save <url> so lightroom could detect the file <url>,neutral,neutral,0.5968776345252991,0.35991418,0.59687763,0.04320816
having trouble downloading the app,negative,neutral,0.6476098299026489,0.26952076,0.64760983,0.08286933
i can't sent it through my messages to my contacts. only through facebook and that is absolutely ridiculous. this app sucks,negative,negative,0.9659036993980408,0.9659037,0.028430713,0.0056656105
very quickly reservation done.,positive,positive,0.81874680519104,0.055282064,0.12597112,0.8187468
<salutation> please give setting to turn it off,negative,neutral,0.49499863386154175,0.10445819,0.49499863,0.40054318
fantastic app to track lighting! the rest of the app is the same as any other really. but in fairness i do not use the rest of the app.,positive,positive,0.8299124240875244,0.013179064,0.1569085,0.8299124
service is good but app is not much android oriented,neutral,neutral,0.8289815783500671,0.028153617,0.8289816,0.14286487
this app is better,neutral,neutral,0.4559307098388672,0.1273408,0.4559307,0.4167285
the improvement are a lot better but it would be nice to be able to send large mp <number> or mp <number> files via bbm.,positive,positive,0.5777581334114075,0.014059265,0.40818262,0.57775813
viuggg hang with my life in your help me a lot and then you have any attachments may contain information contained herein including attachments if it would love the way i will have been sent me a new one day i was thinking about my life in your,positive,positive,0.6416335105895996,0.030957509,0.327409,0.6416335
can't get to work for motorola droid,negative,negative,0.9393670558929443,0.93936706,0.053740792,0.0068920827
bad for the aap is hanging,neutral,negative,0.8877127766609192,0.8877128,0.100435294,0.011851977
its really <url> though remove the trial days remaining,positive,neutral,0.7012996077537537,0.08674402,0.7012996,0.2119564
horrible radar. constant storm alerts with no storms around,negative,negative,0.9586683511734009,0.95866835,0.033938494,0.0073931646
cool idea pain da butt to use then at times wont work <url>,negative,neutral,0.780418336391449,0.07558664,0.78041834,0.14399505
new update v <number> . <number> crashes all the time,positive,negative,0.9326574206352234,0.9326574,0.057573076,0.0097694835
"it's okay (at least, freebies now included) <url>",neutral,neutral,0.7823724746704102,0.01655837,0.7823725,0.20106918
only <number> stars since it will not let me delete any files. please fix.,neutral,neutral,0.6656050086021423,0.08505741,0.665605,0.24933755
does what it is supposed to do and does it well.,positive,positive,0.6988901495933533,0.022991475,0.27811834,0.69889015
"very useful, but has a few annoyances",positive,positive,0.8018549680709839,0.009714842,0.18843022,0.80185497
can't download <url>,negative,negative,0.8469873666763306,0.84698737,0.14052497,0.01248759
"generally a good pdf viewer. i love the reading mode that reflow text and adjust font for better reading experience. the only problem, or i should call it a bug, is that it seems like this mode hates to see <number> letters ""f"" & ""i"" being together. for words like ""find"", ""first"", ""prefix"", etc. you will see only ""nd"", ""rst"", ""prex"", etc.",positive,positive,0.8768031597137451,0.010271064,0.11292578,0.87680316
no support for paid ad-free version,neutral,negative,0.9265420436859131,0.92654204,0.064692855,0.008765093
i like this app,positive,positive,0.7391327023506165,0.030016733,0.23085049,0.7391327
used to use it for studying but after reacent update it won't open. please fix,neutral,negative,0.6724141836166382,0.6724142,0.29185003,0.035735734
last update is a disaster,negative,negative,0.9419609904289246,0.941961,0.046727628,0.011311408
would be better if emoji's didn't disappear when new ones are added,neutral,neutral,0.655971109867096,0.018369539,0.6559711,0.32565936
good for basic stuff,neutral,positive,0.6109449863433838,0.011387634,0.37766737,0.610945
fun but android needs more options!!,neutral,positive,0.5837021470069885,0.014695791,0.40160203,0.58370215
"the usual mediocre bare bone pdf reader from adobe, totally lacking in functionality. repligo reader is better",negative,neutral,0.647773265838623,0.30027196,0.64777327,0.0519548
stays open in background,negative,neutral,0.7230732440948486,0.15634266,0.72307324,0.12058409
it's actually helpful.,positive,neutral,0.5161154866218567,0.018111544,0.5161155,0.46577302
good enough and satisfied result <url> its quite good aap,neutral,positive,0.6711717844009399,0.009367479,0.31946072,0.6711718
why songs are not downloading from the websites. there is always showing error. whenever i download some song. pls fix this bugg,neutral,neutral,0.5517410635948181,0.38490298,0.55174106,0.06335598
booking is simple and straight forward.,positive,positive,0.5995007753372192,0.027310586,0.3731886,0.5995008
"a really good and practical app, however like every other app it still has room for improvement!",positive,positive,0.8873888850212097,0.009136796,0.103474334,0.8873889
excellent pdf viewer rendered unusable by the inability to jump to a page and by the fact that it doesn't remember where you were or bookmarks.,negative,positive,0.7603234648704529,0.012270793,0.2274057,0.76032346
good site but still faceing issue with hotel even we confirm through app,positive,neutral,0.509049654006958,0.016432436,0.50904965,0.4745179
it took forever to download,neutral,neutral,0.4697520136833191,0.4411028,0.469752,0.08914519
i've started using the lightroom camera to take all my photos in raw (dng) and i've noticed today that while out at <number> : <number> on <number> / <number> / <number> and taking pictures the time and date stamp on the images says <number> : <number> <number> / <number> / <number> . what's all that about? i can't change it so where does it get it's info from? also the preview does not show the correct colour. it does when using the slider but as soon as i let it go the image reverts back to a almost black and white.,neutral,neutral,0.7485644221305847,0.16325156,0.7485644,0.08818398
it's cute for younger people but i use it some. i'm <number> yrs old.,positive,positive,0.7476625442504883,0.0132321315,0.23910528,0.74766254
"i had login throught google + <url> but i changed my mind and wanted to login through <url> so, i logged out !!! now, i cannot login back. the app is going back to registration page with the option to login to facebook !!! please look into the solution for this !",neutral,negative,0.8815886974334717,0.8815887,0.1053088,0.013102502
please could we have the option to install to sd card. what is the point in having a large sd card if it doesn't even get used,negative,neutral,0.7428714632987976,0.05386431,0.74287146,0.20326425
wont open at all,negative,negative,0.9139244556427002,0.91392446,0.07446311,0.011612515
good stickers allow users to express better. how come i cannot use bbm calls?,neutral,positive,0.7002764940261841,0.0106421,0.28908142,0.7002765
why pr have no radar????,negative,neutral,0.4716072380542755,0.42196667,0.47160724,0.10642603
before it can connect even the signal is weak now it needs more signal to connect,neutral,neutral,0.583938479423523,0.35795018,0.5839385,0.058111284
radar maps are all wrong,negative,negative,0.8865457773208618,0.8865458,0.09750434,0.015949858
it is fast downloading app,positive,positive,0.8896055817604065,0.0126408655,0.09775357,0.8896056
make it a zoo or fish tank,positive,positive,0.6293121576309204,0.048388846,0.3222989,0.62931216
waah!!! so nice app,positive,positive,0.7414701581001282,0.026407693,0.23212214,0.74147016
why pay that price for tablet use,negative,negative,0.843889057636261,0.84388906,0.13521725,0.020893691
good bit doesn't have the choices in search section for type of rooms such as not-smoking or soundproof ones or double-room etc.,positive,neutral,0.7668734788894653,0.025633633,0.7668735,0.20749292
too slow at times,neutral,neutral,0.5807255506515503,0.35099566,0.58072555,0.068278775
it's very easy to use and all types of format documents easily opened,positive,positive,0.9071032404899597,0.0131693045,0.079727456,0.90710324
can not sign in,negative,negative,0.9236393570899963,0.92363936,0.06776767,0.008593065
it makes team communication highly open and accessible,positive,positive,0.9280714988708496,0.01714872,0.054779787,0.9280715
when message is being sent it takes time to be received,neutral,neutral,0.7468287944793701,0.16748948,0.7468288,0.085681684
pretty accurate for the most part i think,positive,positive,0.9107056260108948,0.00990788,0.07938644,0.9107056
spark is about the only good thing,neutral,neutral,0.5251714587211609,0.055330314,0.52517146,0.41949818
broke the upload photo feature,negative,negative,0.7434259057044983,0.7434259,0.2263956,0.030178502
best app but suggest download stop,positive,neutral,0.5817701816558838,0.01830203,0.5817702,0.39992777
some hotels are a bit shady,neutral,neutral,0.6997830867767334,0.06340278,0.6997831,0.2368141
its fun to see you're own emoji !,neutral,positive,0.6729817390441895,0.012739134,0.3142791,0.67298174
its not so great as i expected it to be,neutral,neutral,0.8138847351074219,0.08451609,0.81388474,0.10159917
keeps going down n the ads r anoying,negative,negative,0.4724937677383423,0.47249377,0.47023478,0.057271447
it was good enough until i can't change my display picture,negative,neutral,0.7063681483268738,0.03705729,0.70636815,0.25657448
it's a trial. editing feature not impressive.,positive,neutral,0.6886513829231262,0.24097559,0.6886514,0.07037308
love it <url> great job <url>,neutral,positive,0.7545939087867737,0.08579264,0.15961337,0.7545939
used to be good,negative,negative,0.7767014503479004,0.77670145,0.19888563,0.024412937
very good and useful app,positive,positive,0.9113718271255493,0.014229636,0.07439856,0.9113718
"the app will no longer let me delete locations. uninstalled, and reinstalled and they are still there. frustrating.",neutral,negative,0.8996566534042358,0.89965665,0.08947862,0.010864702
"buggy, ambigue and less features",negative,neutral,0.782017707824707,0.08515966,0.7820177,0.13282265
"this has helped my productivity a lot. i've only recently started experiencing issues with it. before, the app used to count extra time i went without using my phone even after the <number> min mark. it was really gratifying to see how much longer i was able to last + it contributed to my forest and my overall focus count. but now it isn't doing that? so it kind of discourages me from continuing to work past the sound of the timer even if i feel like i could. if it's possible, please do something about that.",neutral,positive,0.5066948533058167,0.029152755,0.46415243,0.50669485
"zooming slow, okay otherwise",neutral,neutral,0.8402278423309326,0.03082887,0.84022784,0.12894328
"fix zoom in attached images! it doesn't work first <number> seconds the image open, and for gif it doesn't work at all. and is that tat hard to add rotation you've ""planned to add"" a year ago? where's a font size setting or guesture scale sor chat?",neutral,neutral,0.49481502175331116,0.46148753,0.49481502,0.04369748
when will the local adjustments tool be disponible for android users?? hope it's included on the next actualization !!,positive,neutral,0.5913308262825012,0.0461234,0.5913308,0.36254573
just started using it !,positive,negative,0.48492488265037537,0.48492488,0.33652747,0.17854762
so cute. wish it were easier to access via other apps,positive,positive,0.7378681898117065,0.022283068,0.23984872,0.7378682
really like the way this app has evolved from it's first version. please add android wear notification service asap. its really easy to add and people are badly missing it.,positive,positive,0.7659759521484375,0.025489723,0.2085343,0.76597595
"good on mobile devices ,simply good on move",positive,positive,0.6419155597686768,0.010358232,0.34772623,0.64191556
need to avoid unwanted ads and also enhance the downloading speed. overall nice app.,positive,positive,0.808850109577179,0.009064658,0.18208519,0.8088501
"i really like this app and is what i go to when i start loosing concentration. i wish there were more stats and plant types, also more beautifully animated and things that change <url>",positive,positive,0.9029494524002075,0.016628461,0.080422126,0.90294945
was <url> now radar broken,negative,negative,0.8847761750221252,0.8847762,0.08900083,0.026223065
booking bait and switch,negative,negative,0.9351682662963867,0.93516827,0.051971838,0.012859858
this seems like it would be cool,negative,neutral,0.6148495078086853,0.0200815,0.6148495,0.36506897
cannot see my photo's on device,negative,negative,0.6271317005157471,0.6271317,0.35220346,0.020664904
so far so good!! i love it.,positive,positive,0.8167356252670288,0.04456758,0.13869677,0.8167356
"such an intrusive browser, coming from china. it can't be trusted with your online activities. indians, be aware.",negative,negative,0.8998740315437317,0.89987403,0.089346014,0.010779895
hi i download this app he is the very good app,positive,positive,0.8100647926330566,0.033477817,0.15645738,0.8100648
where is the download process,positive,neutral,0.5517926812171936,0.19107744,0.5517927,0.25712988
brill so easy to use,positive,positive,0.6315397024154663,0.030418186,0.33804214,0.6315397
the app isn't working on the note <number> . i'll update my review if/when it works.,negative,negative,0.8259063959121704,0.8259064,0.15942115,0.014672421
"""you have cancelled your entire <url> ""???",negative,negative,0.9495971202850342,0.9495971,0.041666202,0.0087367585
it good for local german reports nearly as good as <url>,positive,positive,0.6230500340461731,0.010712631,0.36623734,0.62305003
does what i need it to,neutral,positive,0.6617171168327332,0.020352138,0.3179308,0.6617171
it's good for communication,neutral,positive,0.7543613314628601,0.010599094,0.23503955,0.75436133
it sometimes sends the wrong <url>,neutral,neutral,0.5237705111503601,0.40009442,0.5237705,0.07613506
please add the feature of sharpen and blur,neutral,positive,0.6361810564994812,0.018988645,0.34483027,0.63618106
notifications aren't working???,positive,negative,0.7263847589492798,0.72638476,0.23278952,0.040825743
lag while zoom in/out,positive,neutral,0.7489473223686218,0.09548529,0.7489473,0.15556733
had some slowness issues?,positive,neutral,0.6973992586135864,0.09936771,0.69739926,0.20323302
awesome app one of the <signature>,positive,positive,0.9018422365188599,0.020339042,0.077818796,0.90184224
it does great and gives accurate weather information,positive,positive,0.9126909375190735,0.015135704,0.07217332,0.91269094
bogus . there are several aps much useful,negative,neutral,0.6990635991096497,0.051685676,0.6990636,0.24925071
'no notifications' doesn't work.,negative,negative,0.8347662687301636,0.83476627,0.15003465,0.015199025
great app for managing hotel reservations on the go. it's also nice to earn rewards for frequent stays. i think this is the <signature>,positive,positive,0.9179637432098389,0.012923548,0.06911275,0.91796374
app keeps crashing. unable to open after latest update.,positive,negative,0.9603474140167236,0.9603474,0.033722974,0.0059295967
always update but nothing improve,neutral,neutral,0.7264190912246704,0.0554865,0.7264191,0.21809441
"great concept, poor implementation",neutral,negative,0.8300893306732178,0.83008933,0.1531952,0.016715495
contact picture not show.,negative,neutral,0.6573914885520935,0.2939456,0.6573915,0.048662845
canon cr <number> support please,neutral,neutral,0.47019821405410767,0.062179353,0.4701982,0.4676224
this thing is a trap! it will take your money,negative,negative,0.9643872976303101,0.9643873,0.027889932,0.00772282
"the icon re-design is a tremendous eye-sore more fit to be the face of a pharmaceutical firm, and they didnt put any extra effort into making the app on any of the platforms, leaving gaps in design. no dark mode, no voip, no collapsing the sidebar on ios or windows. i use it because my friends do.",negative,neutral,0.6602751612663269,0.20539662,0.66027516,0.13432816
"just need an option to mute notifications (some of us work different timezones and like sleep), other than that it works pretty well!",positive,positive,0.6996137499809265,0.009724505,0.29066172,0.69961375
good for net work download,positive,positive,0.6645674705505371,0.008402899,0.32702968,0.6645675
i want this feature,positive,positive,0.513792872428894,0.04644486,0.43976226,0.5137929
content rating: low maturity,positive,neutral,0.64019376039505,0.30084527,0.64019376,0.05896096
this application doesn't work in my handphone,negative,negative,0.9627155065536499,0.9627155,0.03155381,0.005730655
slack chat is good,positive,neutral,0.600225031375885,0.021140043,0.60022503,0.37863493
i find the user experience superior to other apps.,positive,positive,0.5793600678443909,0.03268917,0.38795078,0.57936007
"great app, needs better ui on reviews",neutral,positive,0.8503474593162537,0.018883502,0.13076903,0.85034746
great new camera in-app,positive,positive,0.7708600759506226,0.08279098,0.14634894,0.7708601
would be <number> <url>,negative,neutral,0.5953897833824158,0.071285166,0.5953898,0.33332506
it's a good application,neutral,positive,0.7647213935852051,0.00938004,0.22589858,0.7647214
"five star service, two star app",negative,positive,0.4079872667789459,0.2062534,0.38575932,0.40798727
everytime my phone went on sleep it killed the tree and became completely pointless because i would've had to tap my phone every <number> seconds to keep it from locking and killing the tree.,negative,negative,0.9692407250404358,0.9692407,0.02445064,0.0063086418
bbm isnt the <signature>,neutral,neutral,0.6269681453704834,0.26471582,0.62696815,0.10831608
can you please give a little speed more on download,neutral,positive,0.5057128071784973,0.0152409915,0.47904626,0.5057128
need support for .cr <number> format,positive,neutral,0.550952672958374,0.025210112,0.5509527,0.42383718
"unecessarily complicated and cumbersome. it's so difficult to create new workspaces and move people from one to another. if you don't have someone's email address memorized, good luck! this app has a long way to go to be truly useful every day. in addition to the above, notifications are a bit of a nightmare. i've missed out on a lot of critical messages because notifications just don't work when they need to. i've run out of room for feedback but i could go <url>",negative,neutral,0.6976439952850342,0.2399529,0.697644,0.062403128
i'm surprised hdr is not supported on the huawei nexus <number> p. i realize it is isn't as new as the pixels but it's still a pretty fast phone.,neutral,positive,0.7137695550918579,0.01939517,0.26683524,0.71376956
where is the bookmarks?,neutral,negative,0.4389432668685913,0.43894327,0.4200703,0.14098644
"love this app, developers have been brilliant at fixing bugs and the feedback system is great!",neutral,positive,0.8851913809776306,0.030823752,0.08398489,0.8851914
i want to give this app <number> <url>,negative,negative,0.6214693784713745,0.6214694,0.30864763,0.069883004
cant even sign in or sign up,negative,negative,0.9617977738380432,0.9617978,0.03191391,0.0062883194
"very nice weather app. would like to see more detail on air quality, pollen, etc",positive,positive,0.90302973985672,0.012073332,0.08489693,0.90302974
simple to use. nice option to search via map,positive,positive,0.8653731346130371,0.008637151,0.1259897,0.86537313
what a huge step backwards for useability.,negative,positive,0.4530028998851776,0.13309555,0.41390154,0.4530029
it is what it is!,neutral,negative,0.5153160095214844,0.515316,0.34120595,0.14347805
"+pinch zoom, +++reflow text, --render speed on scroll, ---should find all pdf including dowloaded by browser, --no search, ---no images in reflow",negative,neutral,0.6031580567359924,0.34440032,0.60315806,0.052441683
this app keeps killing my tree whenever i off my <url> this is so bad. i ended up kore time restarting the timer.,negative,negative,0.9650214314460754,0.96502143,0.028868241,0.0061102747
website offers better and more search options.,negative,positive,0.5227469801902771,0.04915038,0.4281026,0.522747
i love this browser,positive,positive,0.6320815086364746,0.15749952,0.21041894,0.6320815
not always perfectly accurate. i like the hourly forecast.,positive,positive,0.5603135228157043,0.016007068,0.42367947,0.5603135
mobile notifications not working,neutral,negative,0.7840416431427002,0.78404164,0.19154836,0.02441002
cannot unlock password protected ebooks. can't even interact with links or buttons. worthless for password protected ebooks.,negative,negative,0.9693709015846252,0.9693709,0.025268186,0.005360945
this app is an nice good for everything i need but they are problems u must fix,positive,positive,0.685785174369812,0.015981339,0.29823342,0.6857852
getting worse than before,neutral,negative,0.8379496932029724,0.8379497,0.14073986,0.021310477
it's easier and efficient,positive,positive,0.852373480796814,0.009887205,0.13773929,0.8523735
"what the mobile developers do not understand is: do not ever ever change the application icon! the icon shape and color are used to quickly identify an app between other dozen apps. that's how the brain works! moreover, an update only for the app icon? where is the video recording option? i use slack daily (it's the main chat / video conferencing solution where i work) and you can simply cannot record meetings!",negative,neutral,0.5120654106140137,0.43559304,0.5120654,0.052341584
"cute and accurate, but no long hair",neutral,positive,0.7968971729278564,0.009918735,0.19318408,0.7968972
used to work. not anymore,negative,negative,0.932145357131958,0.93214536,0.059186786,0.008667859
an outstanding way of communication with the team.,positive,positive,0.9212720990180969,0.017564006,0.06116389,0.9212721
internet is better than this because,neutral,neutral,0.5459496974945068,0.09017931,0.5459497,0.363871
"sucks. force close, pdf never opens. htc hero.",negative,negative,0.9687570929527283,0.9687571,0.025126075,0.0061168494
"i like it just wish tht we had more choices for the avatar and the body shapes were more womenly, besides that i think it's great!",neutral,positive,0.8646317720413208,0.011674582,0.12369362,0.8646318
was great when it worked,negative,negative,0.44834625720977783,0.44834626,0.42051202,0.1311417
update has ruined functionality. now difficult to search rooms for <number> people etc. terrible terrible terrible!,negative,negative,0.9706428647041321,0.97064286,0.022993898,0.006363212
would like it better if you could use this app in fb <url>,neutral,neutral,0.5945897698402405,0.01520563,0.59458977,0.3902046
great app with potential.,positive,positive,0.9100544452667236,0.01959676,0.07034878,0.91005445
handles small pdf files really well. needs bookmarks.,neutral,neutral,0.6737037897109985,0.024078574,0.6737038,0.30221763
why not a mobile web version ??!!?!,negative,neutral,0.5938735604286194,0.27658504,0.59387356,0.1295414
"i love this app, the ui is nice and smooth, no bugs what-so-ever, and it knows when i press the home button and enter another app. (turn on advanced something in the settings) looks very smooth, and it works as it should! the problem is, i can't lock my phone without killing the tree, and it wastes the battery. that's pretty much my only complaint! (i'm fairly new to the app, and i heard that when your forest gets full, that you can't put in anymore trees. if so, please let the forest expand as well.)",positive,positive,0.8386650681495667,0.015392279,0.14594267,0.83866507
i was addicted to game and other stuff my personal work ratio was too down and this app really help <url> !,positive,neutral,0.46307575702667236,0.20407178,0.46307576,0.33285242
stuck in update mode,negative,negative,0.6814228296279907,0.6814228,0.28193292,0.036644217
while downloading music it goes to play store .,neutral,neutral,0.7144486308097839,0.21823661,0.71444863,0.06731473
can't append it to sd card when updated in htc wildfire,negative,neutral,0.6831871271133423,0.27454445,0.6831871,0.042268455
free emoticons are <url> good,neutral,neutral,0.5772826671600342,0.014723043,0.57728267,0.40799433
"i could plant the tree while watching youtube , no different than clash of clans",negative,neutral,0.573647141456604,0.1343144,0.57364714,0.29203847
bbm cant connect properly,negative,negative,0.7477637529373169,0.74776375,0.23029697,0.021939307
"it would be cooler if you could mix and match the pants, shoes, shirts, jackets, etc. instead of having to choose from predetermined outfits. i want to make my own outfit!",positive,positive,0.6099299788475037,0.017940981,0.37212902,0.60993
"works fine, too many ads",positive,neutral,0.5456743836402893,0.09680783,0.5456744,0.35751778
they okay good on the <number> day forecast.!,neutral,positive,0.5323585271835327,0.012912637,0.45472884,0.5323585
"when it works, it's good. but far too many crashes on my galaxy tab s <number> .",neutral,neutral,0.7609174847602844,0.016232403,0.7609175,0.22285013
terrible it now no longer works the way it used to. it was the <signature>,negative,negative,0.9698286056518555,0.9698286,0.024189243,0.0059821755
push notifications not reliable,positive,neutral,0.7793086767196655,0.14438379,0.7793087,0.076307535
went out and can't access it ny more. what happened. says i have <number> go thru fb or my email and i have <number> sign up and in wen i've been using it <number> the past <number> months. what happened!,neutral,negative,0.9527430534362793,0.95274305,0.04098628,0.006270668
to set a profile picture is very frustrating as the current set up/method cuts out most of the picture. this really should be adjusted.,neutral,neutral,0.7895410060882568,0.11547702,0.789541,0.09498197
i liked <url> this is very useful,positive,positive,0.8325305581092834,0.012925209,0.15454419,0.83253056
if your not using this to book your loosing out,neutral,negative,0.9227815866470337,0.9227816,0.06563959,0.0115788
"the app keeps asking me to rate it despite me constantly telling it ""no"" so i'm rating it <number> star out of spite and partially because they don't actually follow the choices they give you.",negative,neutral,0.6255536675453186,0.2870818,0.62555367,0.08736456
"uc browser is a fantastic browser application. the team behind the creation of this application have all done a wonderful job. keep it up as you continue to improve upon this great application. however, i wish to suggest that option to be able to send applications in speed mode { facebook, twitter etc} to phone desktop/home screen be incorporated into this application. secondly, make it possible to be able to select and set desired audio file as alert tones for applications like facebook etc. we therefore look forward to seeing these options in your next update sir. <signature>",neutral,positive,0.8906970620155334,0.017059479,0.092243426,0.89069706
"battery drain, battery drain, battery drain",negative,negative,0.7620598673820496,0.76205987,0.20898154,0.02895861
won't open raw files,negative,negative,0.9360941052436829,0.9360941,0.056569785,0.007336165
force closes on samsung moment w/android v <number> . <number>,negative,negative,0.8636860847473145,0.8636861,0.11536322,0.020950684
not as good as desktop app .too slow while navigaring to different channels amd personal chats.,neutral,neutral,0.6649643182754517,0.28945592,0.6649643,0.045579843
weather is nice and shows precipitation also,positive,positive,0.806293785572052,0.014119978,0.17958619,0.8062938
"won't let me add locations, other than that, works well.",neutral,neutral,0.7863133549690247,0.08001325,0.78631335,0.13367344
note <number> <url> of nov <number> th.,negative,neutral,0.5616674423217773,0.16930525,0.56166744,0.2690273
rooms sold not always available,neutral,negative,0.5150864720344543,0.5150865,0.40945712,0.07545639
please add a feature!,neutral,positive,0.6144813299179077,0.023552477,0.3619662,0.61448133
so many ads r coming i hate this app,negative,negative,0.9597418308258057,0.95974183,0.034320943,0.005937233
it does what it's supposed to.,positive,neutral,0.7684345245361328,0.04726569,0.7684345,0.18429977
it really sucks that disabling wysisyg in the settings does not work. i want my input freedom.,negative,negative,0.8152178525924683,0.81521785,0.17095411,0.013828086
it's a decent app,positive,neutral,0.6259039640426636,0.022298433,0.62590396,0.3517976
have issue on redmi note <number>,neutral,neutral,0.6613258719444275,0.2403468,0.6613259,0.098327294
"i would give it <number> , but it keeps stopping when converting text to pdf",positive,neutral,0.7490122318267822,0.058762766,0.74901223,0.19222505
very good for me,positive,positive,0.8776883482933044,0.015343328,0.10696838,0.87768835
"app whitelisting doesn't work, everything works fine when whitelisting is turned off (tree withers when i exit the app) but when it's on, i can access any app without the tree dying, not just the whitelisted ones. i've also turned on the advanced detection mode, does not help.",neutral,negative,0.48762544989585876,0.48762545,0.4770705,0.035304006
"this ""use"" to be the greatest weather app right up until <url> latest update froze radar animation and i don't get alerts until i open the app. deleting and going to find a better app.",negative,negative,0.6156448125839233,0.6156448,0.2850276,0.099327646
"it does its job, but asking each time to rate the app is infuriating",neutral,neutral,0.8189467191696167,0.089900285,0.8189467,0.091152936
my weatherbug now tells me im <number> towns away. reported <url> they told me i was dumb basically.,negative,negative,0.7621272802352905,0.7621273,0.20373768,0.034135036
crude humor supports the deteriorating morals of society. not acceptable,negative,neutral,0.5029006004333496,0.44915563,0.5029006,0.047943786
after installed the browser <url> phone will hang and some unwanted program to be automatically <url> will affect on <url>,negative,negative,0.8472221493721008,0.84722215,0.13805729,0.0147205675
some update or something makes this wonderful app crash. please remedy the issue!!!,neutral,positive,0.5276744961738586,0.044719867,0.42760563,0.5276745
love it but easy on the ads pls,positive,positive,0.7495298981666565,0.014872647,0.23559748,0.7495299
"for all those whose trees are not withering, turn off whitelist mode",neutral,neutral,0.5691764950752258,0.20130236,0.5691765,0.22952114
"i really enjoy this app, it's been quite helpful. however, though it counts the time you exceed the preset goal you don't get any extra trees/bushes. this means that i sometimes go over my time focus goal, but only see one lonely tree for my efforts. good bit of a bummer. otherwise, love the app.",positive,positive,0.8646064400672913,0.0095973285,0.12579618,0.86460644
not as accurate at weather channel but i like that i can choose the radar location.,positive,positive,0.7038304805755615,0.01392086,0.28224868,0.7038305
i prefer the blackberry version to the android version. or maybe i've not discovered all the tricks here.,neutral,neutral,0.5947455167770386,0.04540691,0.5947455,0.35984764
great! so much potential!,positive,positive,0.8762342929840088,0.031753514,0.09201222,0.8762343
can't use bbm after update,negative,negative,0.6237998008728027,0.6237998,0.3531179,0.023082245
on getting the latest update the app stopped working all of a sudden. i use samsung galaxy s <number> . please see what has gone wrong. i tried reinstalling the app too. didn't work.,negative,negative,0.947356641292572,0.94735664,0.04524343,0.0073999497
very very slow even on nexus one,negative,negative,0.8735337257385254,0.8735337,0.11465427,0.011812025
like the old version better,positive,positive,0.529008686542511,0.043351475,0.4276398,0.5290087
stop asking me to rate every time i launch the app.,negative,negative,0.7364971041679382,0.7364971,0.23661067,0.026892198
lots of force closes on galaxy s.,negative,negative,0.5260429978370667,0.526043,0.41446236,0.05949458
needs more of the core lightroom features,neutral,neutral,0.7246783375740051,0.032430463,0.72467834,0.24289122
"great app, just a few things that need addressed. i can no longer ""purchase"" additional trees and i have the $. it says forbidden after taking a while to load. i've uninstalled and reinstalled, running on the most current app and android os <number> . <number> , droid turbo <number> .",neutral,positive,0.553848922252655,0.06578643,0.3803647,0.5538489
please add live radar widget!,positive,neutral,0.5173447728157043,0.19700713,0.5173448,0.28564814
can't quickly link to specific page or bookmark. sucks. quick office is much better for reading pdfs.,negative,negative,0.8982356190681458,0.8982356,0.09232397,0.009440426
it dose not let you do anything,negative,negative,0.8764984607696533,0.87649846,0.107654974,0.015846616
hourly doesn't match the <number> day,neutral,negative,0.6931109428405762,0.69311094,0.28551286,0.021376206
it's a good app,positive,positive,0.5807946920394897,0.010770145,0.4084352,0.5807947
good app edit picture,positive,positive,0.5768428444862366,0.010819811,0.41233733,0.57684284
can't bookmark the page! it's hard to read an e-book and remember the page number. i will delete.,negative,negative,0.7260782718658447,0.7260783,0.25777328,0.016148455
use for fast download,positive,positive,0.9028679728507996,0.015351989,0.08177997,0.902868
used to be the <signature>,negative,negative,0.6169988512992859,0.61699885,0.32978016,0.05322095
better than most. quick and easy,positive,positive,0.9146795868873596,0.011252526,0.07406785,0.9146796
"not fast in sending and receiving messages, the app needs to be worked on.",negative,neutral,0.7251052856445312,0.22971486,0.7251053,0.04517991
local adjustment not appearing,positive,neutral,0.7464209794998169,0.12199464,0.746421,0.13158439
used to be great,negative,negative,0.8018933534622192,0.80189335,0.17529105,0.022815587
just got it <url> fingers crossed,neutral,neutral,0.42543551325798035,0.34733516,0.4254355,0.22722931
best pic editing <url>,positive,positive,0.7872669696807861,0.011506338,0.20122677,0.78726697
no bookmark or jump page. doesnt remember where i was when closed,negative,negative,0.9059597849845886,0.9059598,0.0836535,0.010386707
"good. only complaint is that sometimes the location on my lock screen is not my current location, but a random one from my saved places.",positive,positive,0.6904143691062927,0.009173895,0.30041167,0.69041437
for the older version,neutral,neutral,0.5429711937904358,0.22559282,0.5429712,0.23143594
"this app is pretty good, but i wish i could use this in my normal keyboard and i hope that it will be animated and have a transparent background",positive,positive,0.6756733655929565,0.010308763,0.3140178,0.67567337
it's very accurate and good,positive,positive,0.893909752368927,0.010287846,0.09580242,0.89390975
loved it till i got a new phone,negative,negative,0.5834029316902161,0.58340293,0.33979186,0.07680522
works ok but crashes when i rotate my archos <number> .,neutral,neutral,0.851276159286499,0.0430757,0.85127616,0.10564817
bloats <number> megs needs to be movable to <url>,negative,neutral,0.5845317840576172,0.3521133,0.5845318,0.06335491
shares the way it wants without permission,negative,neutral,0.5331018567085266,0.3795689,0.53310186,0.08732927
external storage for cache,neutral,neutral,0.6370605826377869,0.09114211,0.6370606,0.2717973
the radar map is practically useless now,negative,negative,0.9689692258834839,0.9689692,0.02388027,0.0071505145
will not select the correct current location.,negative,neutral,0.6706408858299255,0.2627028,0.6706409,0.0666564
cant edit my avatar and cant log in!!,negative,negative,0.9532387852668762,0.9532388,0.04111649,0.0056447424
this is worse than what we call pathetic when it comes to mobile app.,negative,negative,0.9618893265724182,0.9618893,0.031617016,0.0064936443
updated to make it worst,negative,negative,0.9612225890159607,0.9612226,0.031087216,0.0076900953
the trees do not die when i leave the app which is what the app was supposed to do should i have left the app to use other apps like ig or youtube,negative,negative,0.4873476028442383,0.4873476,0.41290998,0.09974239
new version is a major step back,negative,positive,0.5390421152114868,0.15527089,0.305687,0.5390421
awesome and secure app,positive,positive,0.8942360281944275,0.026609756,0.07915427,0.894236
awful app. really awful.,negative,negative,0.9655203819274902,0.9655204,0.027157424,0.007322253
would rate <number> <url>,negative,neutral,0.6230383515357971,0.07018313,0.62303835,0.30677858
"makes an incredibly annoying and loud clicking sound through the speakers whenever you take a photo, with no ability to disable it.",neutral,negative,0.684141218662262,0.6841412,0.2863523,0.029506452
it's nice but some problems r there,neutral,neutral,0.5737447738647461,0.011386916,0.5737448,0.4148683
have used it for years,positive,positive,0.8124105930328369,0.06486288,0.12272652,0.8124106
hope it supports split screen,positive,neutral,0.6214078068733215,0.025767136,0.6214078,0.35282508
good app to <url> i alwayz prefer uc browser to <url>,positive,neutral,0.5855482816696167,0.014137481,0.5855483,0.40031424
some issues but otherwise excellent,positive,positive,0.5774844288825989,0.010724995,0.41179058,0.5774844
"this app is great, allows you to edit raw files, and almost has all the same options as a desktop/laptop version. the only thing i would really love to see is a brush setting, really all it needs for <number> stars in my books!",positive,positive,0.9002928137779236,0.019075327,0.0806318,0.9002928
basic stuff done well,neutral,positive,0.7662550806999207,0.024009146,0.20973575,0.7662551
unfriendly to free users,negative,negative,0.9572448134422302,0.9572448,0.03632765,0.006427465
crashed my phone twice in a row doing nothing more then trying to read a <url>,negative,negative,0.9603002667427063,0.96030027,0.03287409,0.006825725
has become unreliable and very inaccurate. loved it and now will get rid of because of terrible forecasts.,negative,negative,0.957673192024231,0.9576732,0.0364107,0.0059160264
still no group contacts like old bbm,negative,neutral,0.7265129685401917,0.122003816,0.72651297,0.1514832
"slow loading, double notifications",neutral,neutral,0.7815940976142883,0.15216108,0.7815941,0.06624479
i love this app but sometimes it is really lagging.,positive,positive,0.5088774561882019,0.04068161,0.45044088,0.50887746
freezes when opening pdfs. useless. root droid <number> . <number>,negative,negative,0.9669385552406311,0.96693856,0.02719087,0.0058705644
"really nice app ,with grt way to analyse yr productivity",positive,positive,0.8163982033729553,0.012165283,0.1714365,0.8163982
great but one major problem,positive,positive,0.8351910710334778,0.03803572,0.1267732,0.8351911
this program needs to be able to jump to specific pages in the pdf. i have a <number> page set of blueprints in need to access multiple times daily. fix,negative,neutral,0.6099389791488647,0.32983515,0.609939,0.060225885
something went wrong before i could access this app. immediately <url> viruses needed.,negative,negative,0.8453331589698792,0.84533316,0.13594496,0.018721825
last update problem when search number adults,negative,neutral,0.5819379091262817,0.34827897,0.5819379,0.06978312
very good app very easy,positive,positive,0.9066408276557922,0.014429268,0.07892992,0.9066408
it's good app and doesn't contain virus,positive,neutral,0.8104738593101501,0.026231647,0.81047386,0.16329446
please add widgets for slack,positive,positive,0.5433580875396729,0.028655255,0.42798662,0.5433581
add hdr support for htc <number> please!,neutral,positive,0.5596019625663757,0.02522268,0.41517538,0.55960196
"suddenly it's killing all my trees it's was working perfectly, but now i keep getting a ""unknown app'",negative,neutral,0.6299675703048706,0.2691013,0.6299676,0.10093113
well <url> you need access to my files and my camera ? looks like an insecure joke. i 'll install once we are back to serious.,negative,neutral,0.7972078323364258,0.07660589,0.79720783,0.12618631
this app is <url> not as expected,negative,negative,0.6021268963813782,0.6021269,0.35663125,0.041241866
please add remind me option,neutral,positive,0.6333823800086975,0.019442316,0.3471753,0.6333824
"original user interface, very usable.",positive,neutral,0.5106489062309265,0.07906952,0.5106489,0.41028157
i use this site for booking over night stays when going on holiday. good hotel and great staff.,positive,positive,0.9088573455810547,0.012791214,0.07835141,0.90885735
can't access my account,negative,negative,0.9471800327301025,0.94718003,0.04663141,0.0061885407
very useful to find non-chain hotels--saving lots of money when all you need is a clean room and a servicable bed.,positive,positive,0.8937637209892273,0.009442151,0.09679413,0.8937637
"love it, something for almost every occasion!",positive,positive,0.8780198693275452,0.036299143,0.08568095,0.87801987
doesn't format text correctly,neutral,neutral,0.5050077438354492,0.45986837,0.50500774,0.035123892
"despite all these new pdf readers, this app provides very good benefits",positive,positive,0.8611236214637756,0.012759564,0.12611686,0.8611236
love it but hate it,neutral,neutral,0.5420058369636536,0.14423391,0.54200584,0.31376025
great application. efficient way to browse and book accommodation.,neutral,positive,0.9302041530609131,0.011315742,0.058480073,0.93020415
great mutch eadier than website. quick and convenient,positive,positive,0.8953040838241577,0.014371959,0.09032393,0.8953041
excellent. not needing any permissions is cool.,neutral,positive,0.7863202691078186,0.008645985,0.20503376,0.78632027
"works pretty good, nice to finally have this on android.",positive,positive,0.9116701483726501,0.010097998,0.07823187,0.91167015
to boring and to many adds,negative,neutral,0.5462794303894043,0.3624633,0.54627943,0.091257304
reply from notification and remove bbm channels,neutral,negative,0.5056084394454956,0.50560844,0.42137897,0.07301256
love the app but current temperature doesn't stay in the notification bar even though i have it set to go the settings. please fix. i have to constantly open the app for current temp.,positive,positive,0.6585464477539062,0.032468893,0.30898464,0.65854645
i like it . works great,neutral,positive,0.9137677550315857,0.020962829,0.06526941,0.91376776
it's good for documents viewings and managing.,positive,positive,0.8040416240692139,0.008577777,0.18738064,0.8040416
it's good but not too much <url> it's working well,positive,neutral,0.701573371887207,0.013056664,0.7015734,0.28536996
pic porn on ads,negative,negative,0.8632539510726929,0.86325395,0.116758734,0.01998724
dope! i wish there was a batch deletion feature.,positive,negative,0.8629827499389648,0.86298275,0.11910469,0.017912608
"worked great for years but now it double posts everything i send on my chromebook. love it on every other <url> iphone, mac. i hope this is fixed in the next <url> !",neutral,positive,0.8368284106254578,0.033410665,0.1297609,0.8368284
"sering error, but it's fine. still working",positive,neutral,0.7516254782676697,0.02112216,0.7516255,0.2272524
full of bugs. i can claim the reward but my coins doesn't increase at all????,negative,negative,0.7038813233375549,0.7038813,0.2596424,0.036476262
reliable when signal is good,positive,positive,0.6706246733665466,0.011612456,0.31776285,0.6706247
love it and hate it.,neutral,negative,0.8509019017219543,0.8509019,0.119803175,0.029294956
would be good if you could delete after finished!,neutral,neutral,0.6654908657073975,0.01937121,0.66549087,0.31513792
works for me. only one i ever use.,positive,positive,0.7535055875778198,0.10538619,0.14110826,0.7535056
error <url> do not work. i'm having <number> . <number> . <number> <url> still not working .,negative,negative,0.958015501499176,0.9580155,0.035565376,0.006419133
it is very good but it needs more options on the facial features and the body motifications,positive,positive,0.7961149215698242,0.00863672,0.19524838,0.7961149
takes up <number> percent of the <url> saves everything u <url> good for a <url> have motorola droid.,negative,neutral,0.7493175268173218,0.18588658,0.7493175,0.06479589
nice <url> was using this <url> information for news and latest updates,neutral,positive,0.7929017543792725,0.019736389,0.18736188,0.79290175
"the whitelist doesn't <url> no matter what i do, my tree dies.",neutral,negative,0.8715096712112427,0.8715097,0.112472646,0.016017677
"good app, but lacking android wear (and thus pebble) support. i prefer google hangouts to slack because of this missing functionality.",neutral,neutral,0.7234333157539368,0.025993725,0.7234333,0.25057295
great but too much phone access,neutral,positive,0.7469439506530762,0.023067694,0.22998838,0.74694395
if you can't offer better pricing you're useless,negative,negative,0.9572445750236511,0.9572446,0.03522935,0.0075260554
seriously your ad blocker never works everytime i go to movies site pop up ads pop ups every second very irritating don't <url> u will never get good surfing experience,negative,negative,0.9214361310005188,0.92143613,0.070059285,0.008504532
minimize category and bbm group user friendly,positive,neutral,0.6924997568130493,0.07007713,0.69249976,0.2374231
it doesn't save the last page you were on. it's annoying.,neutral,neutral,0.7651310563087463,0.17046958,0.76513106,0.06439935
please add something which shows you how long you've worked for each day and maybe a graph for comparing different working times,neutral,positive,0.735796332359314,0.0113855135,0.2528182,0.73579633
not bad better than other,positive,neutral,0.7175257802009583,0.043079235,0.7175258,0.23939498
i like the radar and spark. i work outside so that helps. the temp though? <url> but i guess that's what you get when trying to predict the actions of the most volatile woman in existence. mother nature of course.,neutral,positive,0.80870521068573,0.016076699,0.17521806,0.8087052
why it is asking to download uc browser when i am going to download song and i don't want to download uc browser,negative,negative,0.7770110368728638,0.77701104,0.19835977,0.024629252
"awesome app!! it helps me a <url> i think it will be better if it had a <url> like we can time when it will start <url> sometimes i like to use my phone a lot. like before bed or using my phone at <url> smting like that. if you had the timer, we can set our work time so we would not play phones at certain <url> but still this app is great!!",positive,positive,0.8920590877532959,0.014727947,0.0932129,0.8920591
good app but <url>,neutral,neutral,0.7195129990577698,0.024790917,0.719513,0.255696
does the job it aims to do,neutral,positive,0.7729692459106445,0.049119838,0.17791086,0.77296925
ridiculous. why the hell i cannot move it to memory card?,negative,negative,0.9613813757896423,0.9613814,0.03087598,0.0077426163
download error problem network gone after network connected again donwload doesn't resume,neutral,negative,0.7425143122673035,0.7425143,0.23333924,0.024146559
"i would give this app more stars if it weren't for the inability to get an overview of the total number of hours sunk into each tag rather than just a percentage, extend the amount of time you want on the fly and to filter by multiple tags vs either only one or all at the moment.",neutral,positive,0.6828528046607971,0.017691448,0.29945573,0.6828528
"its cool, i love it",neutral,positive,0.7732807397842407,0.020667763,0.20605147,0.77328074
warning. bad apps. this apps cheat ur money on cancelation,negative,negative,0.96468585729599,0.96468586,0.029626597,0.0056874794
please fix!! then <number> stars,negative,neutral,0.5422047972679138,0.19758017,0.5422048,0.26021504
it's ok this apps,positive,neutral,0.8381582498550415,0.019420689,0.83815825,0.14242105
please add support for links inside pdf! great app but i really miss that feature!!,neutral,positive,0.89112389087677,0.010598982,0.09827712,0.8911239
weatherbug was better <number> years back than it is now. i do not like the last few updates. the maps not as good especially showing cloud cover with storms or without. the layers is really sib par from the way it was. now for the last <number> days its shutting down for no reason,neutral,neutral,0.6326709985733032,0.30658653,0.632671,0.060742464
uc helpful but it's have many bad <url>,positive,neutral,0.6336715221405029,0.024351021,0.6336715,0.3419775
it tells me what i need to know,positive,positive,0.7662559151649475,0.022558155,0.21118595,0.7662559
addicted to phone? this is the app,positive,negative,0.9545943737030029,0.9545944,0.037514206,0.007891451
works well but beware the enormous memory use for data. if this could be stored on sd card then i would give <number> stars. as it is may have to uninstall.,neutral,neutral,0.6716637015342712,0.020777,0.6716637,0.30755928
nice app for viewing documents!!! have been using it since many years!,positive,positive,0.9124885201454163,0.012477817,0.07503371,0.9124885
doesn't have a logout option,positive,neutral,0.6491878628730774,0.2834282,0.64918786,0.06738393
enlarge capacity for sending video,neutral,neutral,0.6296670436859131,0.08141334,0.62966704,0.2889197
"it needs to have color, hairstyles and have character friends we pick on the lists to be in emojis too. plus can we have clothes come from video games and movies. plz",positive,positive,0.7597730159759521,0.021009766,0.21921726,0.759773
excellent considering all i want is pdf reader. but confused why such a basic thing like bookmarks is missing! the page nav good but never accurate,neutral,positive,0.7111896276473999,0.010651725,0.27815863,0.7111896
very funny! it crashes in my s <number> edge+,negative,neutral,0.5543434023857117,0.2824456,0.5543434,0.16321097
cant book in alantic city nj,negative,negative,0.7517330646514893,0.75173306,0.22362962,0.024637356
learnt about it hope it is going to be <url>,neutral,neutral,0.4358139932155609,0.15501036,0.435814,0.4091756
i think it is cool because you can use it for anything and could make stories etc.,positive,positive,0.8018450140953064,0.011257878,0.18689714,0.801845
"so powerful, yet so limited.",neutral,neutral,0.6751207709312439,0.073573604,0.6751208,0.25130564
i really like this app. have a lot of fun with it when i send text messages. haven't had any problems with it.,neutral,positive,0.8653490543365479,0.014965263,0.11968573,0.86534905
new icon is really lame. looks like google <url> hahaha. binit,negative,negative,0.8980262875556946,0.8980263,0.091894016,0.010079674
easy and convenient to use,positive,positive,0.9072102904319763,0.010959013,0.08183065,0.9072103
holy data <url> people please!,negative,neutral,0.40197449922561646,0.36402988,0.4019745,0.2339956
screw you slack for arbitrarily forcing everyone on mobile to download this utterly superfluous client while your services run well in browser.,negative,negative,0.96851646900177,0.96851647,0.02493311,0.0065504042
sometime. . force close hard launch,neutral,neutral,0.6811742186546326,0.066308625,0.6811742,0.2525171
"slow, and hang when zoom",negative,neutral,0.6817797422409058,0.26533592,0.68177974,0.052884366
"the app is really good. i find it really fun but i suggest that you guys add piercings, birthmarks, beauty marks and things like that, maybe even allow more then two bitmoji characters. other than that, the app is really good",positive,positive,0.8412637710571289,0.00850521,0.15023097,0.8412638
"would pay extra to get the ads to go away. otherwise, very good.",neutral,neutral,0.6045097708702087,0.017169256,0.6045098,0.378321
beware making fool and cheating beware,negative,negative,0.9665994048118591,0.9665994,0.026719104,0.0066814693
what happened to the paid version?,negative,negative,0.9054158329963684,0.90541583,0.07649298,0.018091176
good <number> st version - htc one m <number>,positive,neutral,0.6178222298622131,0.016884673,0.61782223,0.36529312
great app use it to store music in,positive,positive,0.8879674673080444,0.03437733,0.07765519,0.88796747
"could use a bit of <url> other than that, great concept and idea!",neutral,positive,0.7979881763458252,0.010325759,0.19168605,0.7979882
more customizable than the other guy but not as complete as i'd like,positive,neutral,0.6251102089881897,0.024319159,0.6251102,0.35057056
"i always like this app since i used my old curve. but the ads kill me, hahahaha.",positive,negative,0.5559847354888916,0.55598474,0.3909938,0.053021476
"what a crappy app. rim can do much betta than this. wanted to give it a zero star but that option ain't available, i wonder why.",negative,negative,0.9383823275566101,0.9383823,0.053145077,0.008472518
it's a good app . it saved my mobile from getting virus into my mobile,positive,positive,0.7451654076576233,0.011453196,0.24338138,0.7451654
it's really nice !!!,neutral,positive,0.7745785117149353,0.012397475,0.21302395,0.7745785
"the prices are super high. like,the great <url> a billionaire could pay, but they would be poor afterwards. don't use!",negative,negative,0.8994478583335876,0.89944786,0.088467196,0.012084904
"great local forecast, maybe because i live near their headquarters. it works great when i travels as well.",positive,positive,0.9026094079017639,0.016714307,0.08067635,0.9026094
not very compatible with pomodoro technique,neutral,neutral,0.7471487522125244,0.115442246,0.74714875,0.13740908
very useful and reliable app. documents are available offline which i find very convenient,positive,positive,0.9251247048377991,0.012575048,0.06230021,0.9251247
too many ads! hate it,negative,negative,0.9644404053688049,0.9644404,0.029601933,0.0059576235
good but i don't like this app becouse of that annoying ads please remove this <url>,negative,neutral,0.7672387957572937,0.026066678,0.7672388,0.20669448
improve android app please,neutral,positive,0.543478786945343,0.027667014,0.42885423,0.5434788
not happy over my profile picture,neutral,negative,0.8158643841743469,0.8158644,0.15872636,0.025409287
foxit reader is more convenient,positive,neutral,0.6022558212280273,0.05196043,0.6022558,0.3457838
"cute, simple and motivating!",positive,positive,0.9166635274887085,0.014131815,0.069204696,0.9166635
good but could be better,positive,neutral,0.668265163898468,0.017141605,0.66826516,0.31459323
"one of the essential apps, but imperfectly realized in android",positive,neutral,0.4987179934978485,0.06657779,0.498718,0.43470427
like it but too much ads,positive,neutral,0.6631371974945068,0.04729298,0.6631372,0.28956977
still very lame. can't open pdfs that are image scans. cmon adobe. really?,negative,negative,0.9211389422416687,0.92113894,0.06968149,0.009179552
"after unable to launch get fixed in the update last night, all my past <number> days history is gone <url> all my lemon <url> this how the developer improve performance? very <url>",negative,negative,0.8170393705368042,0.8170394,0.15058148,0.032379143
you better call it off. useless.,negative,negative,0.9699156880378723,0.9699157,0.022755127,0.0073290756
as good as the web version,positive,positive,0.594650149345398,0.010791875,0.394558,0.59465015
just updated bbm and all of my chat history disappeared! need a way to restore it. pls fix it.,neutral,negative,0.8407223224639893,0.8407223,0.1416445,0.017633101
<salutation> can't even open password protected files. waste of time and memory,negative,negative,0.9685714244842529,0.9685714,0.025630979,0.0057976334
i dont understand this ap,neutral,negative,0.9033766984939575,0.9033767,0.083750315,0.012872896
its a very good app,positive,positive,0.8007588386535645,0.010713666,0.18852745,0.80075884
good website for hotels. plenty of options and many with free cancellation.,positive,positive,0.7296143174171448,0.0092297,0.26115593,0.7296143
bad very very bad. in all website you have ads <url> is <url> <url> bad things <url> <url>,negative,negative,0.9668095111846924,0.9668095,0.02721965,0.0059707807
claims app <number> sd but <url> no option to move from phone to sd card. it's a <number> +mb app. htc di <number> . <number>,neutral,neutral,0.6645596623420715,0.288788,0.66455966,0.046652365
"unnecessary app, please kill it.",negative,negative,0.9585258364677429,0.95852584,0.03553087,0.0059432606
my favorite way to communicate,positive,positive,0.8755919933319092,0.031167654,0.093240395,0.875592
quickly opens up the pdf <url> and very user friendly,positive,positive,0.9047890901565552,0.013949011,0.081261866,0.9047891
force closed after update,neutral,negative,0.8856288194656372,0.8856288,0.089196965,0.025174225
this app is nice for safe <url>,neutral,positive,0.7122800350189209,0.0108102495,0.27690974,0.71228004
brings so much important info to my phone in an easy to use format.,positive,positive,0.854535698890686,0.025395967,0.120068274,0.8545357
very nice and helpful app,positive,positive,0.9096997380256653,0.015788887,0.07451137,0.90969974
don't send fake news,neutral,negative,0.843791663646698,0.84379166,0.13696767,0.019240597
it asks for login every time i start it and that is very annoying. on my ipad it does not behave that way.,neutral,negative,0.7859336137771606,0.7859336,0.19793735,0.016129063
update <url> bisa copy comment di picture group <url> info bagaimana cara copy coment nya?,negative,neutral,0.4373524785041809,0.4117867,0.43735248,0.15086079
"good so far on phone, afraid to install on laptop, had a older version that wouldn't go away and had constant ads and pop-ups",positive,neutral,0.714101254940033,0.03983271,0.71410125,0.24606606
this app is far too big.,negative,neutral,0.49640434980392456,0.33106315,0.49640435,0.17253248
this is a good app,positive,positive,0.6936702728271484,0.013981635,0.2923481,0.6936703
"i'm heard about security concerns related to this browser, can u explain it?",neutral,neutral,0.5954470634460449,0.22915184,0.59544706,0.17540105
worst app in world,negative,negative,0.9710170030593872,0.971017,0.022312727,0.0066703134
i wish i could make funnies with my friends in them. not just in snapchat. otherwise a very fun app.,positive,positive,0.7577944993972778,0.010252328,0.2319532,0.7577945
its alright but got a long way to go to better repligo. need to be able to skip to chapters and double tap zoom should fit paragraph to screen width,neutral,neutral,0.724833071231842,0.015379276,0.7248331,0.2597876
just missing an iphone feature.,positive,neutral,0.7412456274032593,0.120478414,0.7412456,0.13827594
not as good as on the blackberry phones doesn't show a red star to let you know you have an unread message unless you open the app,neutral,neutral,0.7591968178749084,0.18527517,0.7591968,0.055528045
excellent with some improvements,positive,positive,0.90083909034729,0.009230284,0.0899307,0.9008391
add fonts and stuff,positive,positive,0.7924164533615112,0.015008344,0.19257516,0.79241645
please add some more features,positive,positive,0.6002899408340454,0.018326841,0.38138315,0.60028994
wish you could choose a friends to be part of the emoji,neutral,neutral,0.5826985836029053,0.019460237,0.5826986,0.3978412
this app is useless. if i hit the home button the app plays in the background of my phone without the tree dying. that literally defeats the entire purpose of the app,negative,negative,0.9693760275840759,0.969376,0.023544034,0.007079972
now i accepted it,positive,positive,0.36064353585243225,0.27911955,0.36023694,0.36064354
support for password protected documents.,neutral,positive,0.8082739114761353,0.012331953,0.17939413,0.8082739
discord came out and improved on slack in every way. there is no reason to use this trash anymore.,negative,negative,0.9651286005973816,0.9651286,0.028128121,0.006743372
not anymore waste of time,negative,negative,0.9555380940437317,0.9555381,0.035959914,0.008501905
not able to sign in,negative,negative,0.8659188747406006,0.8659189,0.11399346,0.020087741
edit: i found the lemons and how to kill trees,positive,neutral,0.45630013942718506,0.15879685,0.45630014,0.38490307
always eror <url> this app,negative,neutral,0.39871829748153687,0.2035078,0.3987183,0.39777392
has too much space for ads. premium for login. there are more user friendly ways to monetize your app. the concept is ok but poorly executed,negative,neutral,0.5538302659988403,0.40984607,0.55383027,0.036323704
"since using a new update, my htc one x, always not <url>",negative,negative,0.719205915927887,0.7192059,0.25529516,0.025498947
wpupd give more stars if we could use this app on fb messenger,neutral,neutral,0.6213029623031616,0.13183752,0.62130296,0.2468595
"not more reliable as the desktop app, but it is enough to get by",neutral,neutral,0.750836193561554,0.025929272,0.7508362,0.22323456
does not open all pdf files that you can open with adobe on the pc. uninstalled.,negative,negative,0.9667595028877258,0.9667595,0.02713859,0.006101888
"really bad. zoom removes text, outer viewmode locks scrolling etc etc",negative,negative,0.9586969614028931,0.95869696,0.035007577,0.006295441
i think the app is ment for book worms and book worms like me love it,neutral,positive,0.8168411254882812,0.054997295,0.1281616,0.8168411
chat app or ads app,negative,neutral,0.5294724106788635,0.31191736,0.5294724,0.15861027
"good accuracy, clean look and good features.",positive,positive,0.8991211652755737,0.010054248,0.09082464,0.89912117
tree doesn't whether if i leave the app n play game this app sucks,negative,negative,0.8912046551704407,0.89120466,0.09804784,0.010747494
even worse than photoshop,negative,negative,0.8525630235671997,0.852563,0.12514748,0.022289565
begging for bookmark and copy paste option <url>,neutral,negative,0.8664066195487976,0.8664066,0.11778416,0.015809262
forgets where i was when killed by the system,neutral,negative,0.5795382261276245,0.5795382,0.373854,0.046607766
very good. am no lonnger using infinix <number> am using mi note and it is very difficut for me to update my mi note phone.,neutral,positive,0.7819601893424988,0.013378035,0.20466179,0.7819602
not easy to use,neutral,neutral,0.7034561634063721,0.20642224,0.70345616,0.09012161
good app but huge filespace,neutral,neutral,0.5409479737281799,0.018380884,0.540948,0.44067115
no substitute for this great secure app for mobile communication in real time,positive,positive,0.8080623745918274,0.05262881,0.13930881,0.8080624
not for bald people,negative,neutral,0.6637945175170898,0.18312147,0.6637945,0.15308398
really useful app. totally enjoyed using it. i had downloaded this without many expectations but the simplicity and perfection that this app delivered totally blew me away. hats off to the developers !! keep up the great work !!,positive,positive,0.9045782089233398,0.01545287,0.07996893,0.9045782
"it's a good app overall, but the hourly forecast is totally unreliable. if the amatuers at weather underground can get it right <number> % of the time, why is weatherbug wrong <number> % of the time? c'mon folks, it's obviously do-able, so please try putting in the effort to get it right in the future (or at least check out the weather underground site and copy their work).",neutral,neutral,0.6399580240249634,0.015721219,0.639958,0.34432074
so so. like other apps in the play store. nothing special.,neutral,neutral,0.7227065563201904,0.040728744,0.72270656,0.23656476
the standard tool for exchanging documents online,positive,positive,0.8744281530380249,0.021520153,0.10405169,0.87442815
please fix some bug n i will give u <number> star,neutral,neutral,0.6549327373504639,0.06504171,0.65493274,0.28002548
great app over all,positive,positive,0.8139178156852722,0.07349741,0.11258476,0.8139178
the app is interactive and has all the required functions.,positive,positive,0.6120376586914062,0.03953942,0.34842286,0.61203766
it's ok but the follow me is crap,neutral,neutral,0.8206607699394226,0.022981897,0.82066077,0.15635735
update every <number> minutes,neutral,neutral,0.5077582001686096,0.43344188,0.5077582,0.058799952
"i have installed and uninstalled repeated this several times, all it wants to do is update continuously. i can't use it at all.",negative,negative,0.9574037790298462,0.9574038,0.03654714,0.0060490593
used battery most show identity,negative,positive,0.434878945350647,0.14689064,0.4182304,0.43487895
should have more filtering options. should stop nagging for a review when you've already posted one.,neutral,neutral,0.7417132258415222,0.020785883,0.7417132,0.23750088
"after reservation want to add rooms but app just crash, keep loading",negative,negative,0.6872181296348572,0.6872181,0.28535312,0.02742869
lost in the translation,negative,negative,0.591221272945404,0.5912213,0.32860714,0.08017162
new version is much slower than the last. loading messages and channels feels sluggish and tedious.,negative,neutral,0.8153508901596069,0.12232843,0.8153509,0.062320616
where did the precipitation amounts go?,negative,neutral,0.4762008786201477,0.33172083,0.47620088,0.19207832
"it's nice, but it would be great there'd be some piercings",positive,positive,0.633531391620636,0.009131456,0.3573372,0.6335314
it's a good app,positive,positive,0.5807946920394897,0.010770145,0.4084352,0.5807947
good but could be better,positive,neutral,0.6682652235031128,0.017141607,0.6682652,0.3145932
last update hosed app,negative,negative,0.9194813966751099,0.9194814,0.06710023,0.013418393
"it keeps crashing. i like yet very annoying to keep <url> , weather stopped working.",neutral,neutral,0.5439360737800598,0.353558,0.5439361,0.10250591
the app would be better if you let us use calculator and <url> bcoz sometimes while studying you have to google something <url> just a suggestion.,neutral,neutral,0.608585774898529,0.020918524,0.6085858,0.37049574
"i love the amount of data and the warnings. however in the last <number> months the application has failed to work often at least once a day. if this issue could be solved, i would give the app <number> stars.",neutral,positive,0.8348405957221985,0.01839677,0.14676256,0.8348406
you just need to add box braids as a hairstyle,positive,positive,0.8314286470413208,0.0128302,0.15574118,0.83142865
its nice to receive anything,positive,positive,0.7097176909446716,0.011113541,0.2791688,0.7097177
this app is awful,negative,negative,0.9670699238777161,0.9670699,0.02731363,0.0056164605
"bummer! now i am a former usser!!!! no-ads weatherbug, where are you? hello?",negative,negative,0.7573384642601013,0.75733846,0.21154644,0.031115074
good for an <url>,neutral,neutral,0.5952990651130676,0.014784887,0.59529907,0.389916
this is very bad,neutral,negative,0.9662518501281738,0.96625185,0.02769623,0.006052011
doesnt work on the gs <number>,negative,negative,0.9506884813308716,0.9506885,0.042643353,0.006668114
too much ads not good for kids,neutral,negative,0.5633321404457092,0.56333214,0.38224462,0.05442331
not working properly in android above <number> . <number>,positive,negative,0.876396894454956,0.8763969,0.10614517,0.01745797
slow sometimes especially during video and audio calls. the app just hangs and stops working.,positive,neutral,0.8144555687904358,0.07528478,0.81445557,0.11025968
if i could alter the apps appearance to allow for inverted colour schemes i would give it <number> stars other than that this is a brilliant app.,positive,positive,0.8799687027931213,0.014827835,0.10520345,0.8799687
one of the <signature>,neutral,positive,0.9118471145629883,0.017108295,0.071044564,0.9118471
"it's not working for me, i'm using samsung tab <number> mini, it's asking for confirmation of date of birth",negative,negative,0.8736419677734375,0.87364197,0.114214614,0.012143461
"i can use other app meanwhile timer is running , so no use waste app",negative,neutral,0.730323314666748,0.11261004,0.7303233,0.15706663
app is up to date and easy to read.,positive,positive,0.8263269066810608,0.014807823,0.15886521,0.8263269
"do not waste your time. if u think u can save the earth but no, you have to buy premium first to plant trees. absolute a waste timer",negative,negative,0.9660471677780151,0.96604717,0.027862849,0.006089971
sluggish compared to other pdf readers but renders well.,neutral,neutral,0.710623025894165,0.024788886,0.710623,0.2645881
"i don't need this, but i'm sure someone will need it.",positive,neutral,0.7199652791023254,0.08149082,0.7199653,0.19854389
"really fast, good and probably the <signature>",positive,positive,0.8899403214454651,0.010035397,0.10002426,0.8899403
"my team, tired of waiting for a department driven initiative for collaboration tools, decided to start using this for ourselves. it's been a great experience so far - quicker responses, easy file sharing, organising social outings and reaching out to the whole team at once etc. the <signature>",positive,positive,0.9165771007537842,0.018670231,0.06475265,0.9165771
bad uploaded pic display,negative,negative,0.8993963599205017,0.89939636,0.088362284,0.012241341
i like this app is very useful,neutral,positive,0.8920308351516724,0.0110711,0.096898034,0.89203084
"i was not able to open the app even after reinstalling it twice so instead i installed ""flip flop"" app which is also a similar app",negative,negative,0.7190811038017273,0.7190811,0.24001096,0.040907934
what's with all the new permissions?,negative,negative,0.8499308824539185,0.8499309,0.12986772,0.02020142
the new automatic markdown feature sucks!!! and you cannot turn it off,negative,negative,0.9410337209701538,0.9410337,0.051794477,0.007171785
now it use very long time for export photo.,negative,positive,0.804280161857605,0.0475614,0.1481585,0.80428016
can't import pictures,negative,negative,0.5001230239868164,0.500123,0.46713018,0.032746825
i love it but for some reason it doesn't work well on my samsung. if it worked better with my phone a higher rating,neutral,positive,0.7230795621871948,0.030750263,0.24617015,0.72307956
did more things to say and more holiday,neutral,positive,0.6075106859207153,0.06161478,0.33087456,0.6075107
can not open edited images on my galaxy note <number>,negative,negative,0.6717054843902588,0.6717055,0.3044738,0.02382076
the confirmation details is not shown on <number> rd party screen. not useful if i have to inform <number> rd party of the confirmation details.,neutral,neutral,0.6454412341117859,0.30475667,0.64544123,0.049802072
never sends the correct emoji.,negative,negative,0.6801794767379761,0.6801795,0.29054952,0.029271012
please add save image setting,positive,neutral,0.6934965252876282,0.044116136,0.6934965,0.26238734
i cant run the app after new update!!!,neutral,negative,0.960669219493866,0.9606692,0.03387766,0.0054531884
ads thats the only thing spoiling this <url> bcz ads are source of income <url> lose this app the source ur getting ads,negative,negative,0.7968336939811707,0.7968337,0.17818356,0.024982724
i have had this app for a while and it works really well,negative,positive,0.8680471777915955,0.018907437,0.11304539,0.8680472
mostly good except- sucks too much background data and not freindly to my battery . should shut itself down.,neutral,neutral,0.8189117312431335,0.023958856,0.81891173,0.15712948
"fairly accurate, wish the radar would update a little quicker",positive,positive,0.8758166432380676,0.007398313,0.11678503,0.87581664
what's up with it?,negative,negative,0.8476870059967041,0.847687,0.13189992,0.020413
up browser is <signature>,positive,positive,0.4761124551296234,0.13808005,0.38580748,0.47611246
nice app but i can't highlight my text i pressed that longer but it couldn't work please check this out,positive,neutral,0.6482028961181641,0.030524557,0.6482029,0.32127258
love it but the radar needs future time,positive,neutral,0.5705098509788513,0.042525362,0.57050985,0.3869648
itss ok but not good at <url>,neutral,neutral,0.8588366508483887,0.02783066,0.85883665,0.1133327
animation does not work. really disappointed. use everyday for work. moving on to the weather channel app. never fails.,negative,negative,0.9472155570983887,0.94721556,0.045778558,0.0070059667
"maybe if the app followed material design guidelines, i would have rated it <number> stars. the controls are based on ios, so it's not easy to find your way, but overall it's a good photo app.",positive,positive,0.4948066771030426,0.017116498,0.48807684,0.49480668
new layout v <number>,positive,neutral,0.4681740701198578,0.18879011,0.46817407,0.34303585
it does not install,positive,negative,0.959448516368866,0.9594485,0.033639483,0.0069120256
"its amazing app, but unfortunately after the new updation the app forced to close when importing a new photo. so please fix that bug immediately",positive,neutral,0.5703120231628418,0.02342756,0.570312,0.40626043
try hotel tonight - $ <number> free,neutral,neutral,0.4609777629375458,0.4369799,0.46097776,0.10204232
"it's like <number> stars for the app, <number> star for new booking assistant. god damn it, how the hell can i just answer the message i got from a property???!!! why do i need to see <number> questions of an assistant instead, that i can not delete and that just mess up all the dialog! hate it. really hate this feature! do like everything else though.",positive,negative,0.832530677318573,0.8325307,0.14704901,0.020420315
been a good weather app for me! thumbs up!,positive,positive,0.5832699537277222,0.038385656,0.3783444,0.58326995
i guess it's <url>,positive,neutral,0.5520104169845581,0.09896465,0.5520104,0.34902495
loved it before update,neutral,negative,0.6775607466697693,0.67756075,0.27313265,0.049306605
it is good news app but some improvement required in spelling and language.,positive,positive,0.7790226936340332,0.008703896,0.2122734,0.7790227
"as a frequent user , you should have few options as reward the client should choose between",positive,positive,0.5511362552642822,0.059095748,0.389768,0.55113626
no bookmark or jump to <url> really annoying,negative,negative,0.7220457196235657,0.7220457,0.25516748,0.02278675
app is <url> service sucks,neutral,negative,0.9227327704429626,0.9227328,0.06603842,0.011228827
i can't use web mobile in <url>,negative,negative,0.9179394245147705,0.9179394,0.073454574,0.00860594
the new button is super poopy.,negative,positive,0.5397098064422607,0.08052553,0.37976468,0.5397098
"i love it, but desperately needs to save last <url> and place within that <url> a bookmarking function!",neutral,positive,0.5268820524215698,0.077164695,0.39595324,0.52688205
"simple to use,in a straight forward easy to understand format. <signature>",positive,positive,0.9163069725036621,0.011322225,0.07237076,0.916307
i saw no last minute rates as promised on the description.,negative,neutral,0.5215380191802979,0.38727513,0.521538,0.09118689
if you browse like i do this is a must have. i rated it <number> stars before but now it is becoming a mess. you are killing its reputation with ads. i must wait for few seconds advert to finish before browsing.,neutral,negative,0.9209808111190796,0.9209808,0.067506455,0.011512693
the drawer is old,negative,neutral,0.6271671056747437,0.25411218,0.6271671,0.11872074
what a great messanger. you make us who separated a kilometers away can gather in one place. keep <url>,positive,negative,0.7134814858436584,0.7134815,0.24465628,0.04186231
add text option please,neutral,positive,0.6483857035636902,0.01679137,0.3348229,0.6483857
new logo looks like swastika maybe next time dev team will worked on app ram usage?,negative,neutral,0.6167728304862976,0.16223125,0.61677283,0.22099589
don't use. can't uninstall on tablet,neutral,negative,0.9463262557983398,0.94632626,0.047203667,0.006469998
fast but doesn't allow you to jump to pages no good for big ebooks,neutral,neutral,0.8147088885307312,0.049963567,0.8147089,0.1353275
how can i make a video call??,positive,neutral,0.5099720358848572,0.2057706,0.50997204,0.28425738
easy to use and useful,positive,positive,0.9079819917678833,0.010687577,0.08133043,0.907982
"i saw this app on engadget and was excited to try it. however, the hdr mode does not work on my phone. i have a samsung galaxy s <number> edge. it is listed as one of the phones that works but the option for hdr is not available on the drop-down menu.",neutral,neutral,0.6008592844009399,0.33972132,0.6008593,0.05941934
i was able to update and view my bookings very easily. very convenient.,positive,positive,0.925442099571228,0.010771804,0.06378607,0.9254421
"it lost all my progress! i had the cat tree, octopus, etc",negative,negative,0.8278962969779968,0.8278963,0.14825441,0.023849221
best crashes ever!!!! worthless,negative,negative,0.9704123139381409,0.9704123,0.023125635,0.0064619933
radar map never loads first try.,neutral,negative,0.8933042287826538,0.8933042,0.09216236,0.0145334955
"simple to the massage, i like bbm,cause i can see when the massage have delivered n read .",positive,positive,0.8880296945571899,0.011298706,0.100671574,0.8880297
its <url> make something <url>,neutral,neutral,0.5780053734779358,0.12597117,0.5780054,0.29602352
this is my favorite weather app to use. i've used it since i was a teenager. the only problem i have is that the hourly forecast is almost never right which is very inconvenient for me considering i work outside. on the bright side you can look at the radar and pretty much tell what what is gonna hit you.,neutral,positive,0.875257670879364,0.01637671,0.108365595,0.8752577
cant connect to facebook,neutral,negative,0.932444155216217,0.93244416,0.06035201,0.0072038374
"i like it and think it's super cute and fun, but i wish it had more such as maybe tattoos or piercings and i wish you could create outfits instead of picking an outfit",positive,positive,0.891803503036499,0.010303434,0.097893044,0.8918035
good for quick edits on the move,positive,positive,0.7597001791000366,0.008450342,0.23184942,0.7597002
why the almost daily updates?,neutral,neutral,0.716636061668396,0.09370115,0.71663606,0.18966281
terrible. i don't need creative cloud!,negative,negative,0.9671838283538818,0.9671838,0.026120868,0.0066952934
sign up form doesn't work and this app doesnt work without an adobe account so it was just a waste of time.,negative,negative,0.9700184464454651,0.97001845,0.023997562,0.0059840484
love it but a problem?,positive,positive,0.6139857769012451,0.022930285,0.36308396,0.6139858
does what supposed to an as far as forcast go seems good,positive,neutral,0.6916717886924744,0.017465083,0.6916718,0.29086313
i can't import alot of my photos!,neutral,negative,0.5666722655296326,0.56667227,0.4001034,0.033224296
horrible pdf reader. there are much better alternatives.,negative,negative,0.9656647443771362,0.96566474,0.027545778,0.0067893993
"it's great that it can read my truck's <number> , <number> page service manual right here on my phone; but i can't find anything if there is no search feature!!",neutral,positive,0.8122649788856506,0.013486597,0.1742484,0.812265
it does logout of account after closing,positive,negative,0.5158258676528931,0.51582587,0.42390856,0.06026559
"love it. would be great if you could include options to dodge and burn images, too.",positive,positive,0.8816734552383423,0.017983623,0.100342944,0.88167346
i don't like that i can't attach to a text in gboard. i have to go through bitmoji to send in a text. it is easier to send in iphone and i can't do friendmojis,positive,neutral,0.7554826140403748,0.15307012,0.7554826,0.09144719
"does not work on the captivate at <url> very disapointed, it just says it has failed to read found files.",negative,negative,0.9499955773353577,0.9499956,0.043306746,0.006697785
it's an useful app,positive,positive,0.8121137619018555,0.008814153,0.17907211,0.81211376
is the white house in charge of it?,negative,negative,0.5031150579452515,0.50311506,0.35339534,0.14348967
weather automation doesn't work anymore so it's stupid,negative,negative,0.8888101577758789,0.88881016,0.10153476,0.009655126
some times its just boarding,neutral,neutral,0.696850597858429,0.057087358,0.6968506,0.24606201
i deplore pdfs of all kinds. <url> the only thing that can read a pdf. but this app does <url> it still sux,negative,neutral,0.581734836101532,0.3052281,0.58173484,0.1130371
installs another app without warning,negative,negative,0.8864957690238953,0.88649577,0.101012476,0.012491683
it's your app so you get to choose your logo. but this new one confusing my son that slack is a game and he is complaining i keep playing this game all the time but have no shame in denying his rights to play games eternally. ps: unable to view old items unless we pay is gross.,neutral,negative,0.5915423631668091,0.59154236,0.3655626,0.042895086
"other parties doin better ""reader n even writer"" than adobe!",negative,neutral,0.5816823840141296,0.112863496,0.5816824,0.30545408
takes too much time to load sometimes,positive,neutral,0.8442075848579407,0.072635666,0.8442076,0.083156765
it is an interesting app that uses a lot of memory. but great communication tool,neutral,positive,0.8917936682701111,0.01293142,0.0952749,0.89179367
it's amazing and faster then other <url>,neutral,positive,0.8784019947052002,0.012785988,0.108812034,0.878402
best weather app out there until it stopped working. won't load anything now. please <url>,negative,neutral,0.6555103659629822,0.04816338,0.65551037,0.29632628
will be much better if it has read out <url>,positive,neutral,0.6586255431175232,0.030148525,0.65862554,0.31122592
good overall but seems to have an issue of being unavailable or offline when other weather apps are working just fine providing the same info. <url> radar,positive,positive,0.5428999662399292,0.013461605,0.4436384,0.54289997
does the camera support long exposure?,positive,neutral,0.6763222217559814,0.0625186,0.6763222,0.26115918
i enjoy using it. i just have to play with it more to get more experience,positive,positive,0.9029712080955505,0.013623403,0.08340533,0.9029712
it helps me a lot,positive,positive,0.8609903454780579,0.012068326,0.12694134,0.86099035
not bad at all. great improvement.,positive,positive,0.7902682423591614,0.012676468,0.19705528,0.79026824
plenty of unnessary ads,negative,neutral,0.6190544366836548,0.26661855,0.61905444,0.11432701
the news feed so annoying please avoid this type of <url> or add a button for stop news <url>,negative,neutral,0.7348209023475647,0.12640887,0.7348209,0.13877027
can be a bit complicated and in your face but it does a good job and is well supported by venues.,positive,positive,0.746569812297821,0.011822857,0.24160728,0.7465698
i liked it. no reply on mobile though.,positive,neutral,0.7354135513305664,0.045619164,0.73541355,0.21896726
"works perfectly with snapchat, i hope soon it has more goth/alternative outfits and options for piercings and ear spacers. love the new hair options!",positive,positive,0.9283884763717651,0.013658977,0.057952512,0.9283885
"it used to be a <number> star app but not every time i try to open it it crashes, please fix this asap",negative,negative,0.6441887021064758,0.6441887,0.31508476,0.04072654
where's the support?,negative,neutral,0.502708375453949,0.25670803,0.5027084,0.24058369
i think nice but mobile hang krta h,neutral,positive,0.6676379442214966,0.012844067,0.31951797,0.66763794
please add fonts in this app to write . <signature>,neutral,positive,0.602932333946228,0.03696331,0.36010435,0.60293233
"worked once, then has never worked again.",negative,negative,0.8476057052612305,0.8476057,0.13295329,0.019440996
fix the radar! what is taking so long? i'm very close to deleting this app for good. i doubt i'm alone!,negative,negative,0.5720189809799194,0.572019,0.3845192,0.04346184
it is good aap for searching and downloading <url>,positive,positive,0.6805323362350464,0.010044847,0.30942282,0.68053234
while controlling shutter speed whole app is getting freezed.,neutral,negative,0.5643621683120728,0.56436217,0.3907401,0.044897746
"no full language support. what a shame, adobe.",negative,negative,0.9578177332878113,0.95781773,0.0361406,0.0060416404
it's nice <url>,neutral,positive,0.5660829544067383,0.011897754,0.42201933,0.56608295
"this app is not at all what i had expected. it is very hard to use. at the beggining, you get small info about one fature of the app. once you start to use it, the purpose just gets confusing, how does the tree grow? is the time a stopclock, a timer, im so confused! please improve this app to be more user friendly!",negative,negative,0.5037254691123962,0.50372547,0.45628121,0.039993297
lost status bar info,neutral,negative,0.7249219417572021,0.72492194,0.23617601,0.03890203
it was fine before i was forced to update.,neutral,neutral,0.6819650530815125,0.16130267,0.68196505,0.15673229
